Asher	Ed Constantinople	Ms Casanatense	Ms_Epstein	Ms_London	Adler	placeName	tempindexreal	place_ID	Gazetter	ContexTypology	Borders&Hierarchies	vocabularyType	tripleComparsion
שרקושטה	שרקושטה	סרקוסטא	שרקוסטה	סרקסטא	Saragossa	سرقسطة	temp0001	#K6347	KIMA	itin		עיר	fullAgreement
איברו	איברו	איברי	איברו	אברו	Ebro	إبرة	temp0002	#GN3123754	Geonames	itin		נהר	fullAgreement
טורטושה	טורטושה		טורטוסה	טרטושא	Tortosa	طرطوشة	temp0003	#K9805	KIMA	itin			fullAgreement
טרכונה	טרבונה	נירגונה	טרבונה	תרכונה	Tarragona	طر كونة	temp0004	#K7559	KIMA	itin		עיר	fullAgreement
ספרד	ספרד		ספרד	ספרד	Sepharad	بلاد الأسبان	temp0005	#K6471	KIMA			ארצות	fullAgreement
ברצלונה	ברצלונה	ברצלונה	ברזילונה	ברצלונה	Barcelona	برشلونة	temp0006	#K582	KIMA	itin		עיר	fullAgreement
יון	יון	יון	יון	יוון	Greece	اليونان	temp0007	#K8822	KIMA	commerce			fullAgreement
פישה	פישה	פיסא	פישה		Pisa	بيزة	temp0008	#K251	KIMA	commerce			fullAgreement
גינואה	גינואה	יינובא	גיינובה		Genoa	جنوة	temp0009	#K877	KIMA	commerce			fullAgreement
סיסילייא	סיסילייא	סיציליאה	סיסיליא	צקיליה	Sicily	صقلية	temp0010	#K6284	KIMA	commerce			fullAgreement
אלכסנדריה	אלסכנדריא	אלכסנדר	אליכסאכרה	אסכנדריאה	Alexandria	إسكندرية	temp0011	#K667	KIMA	commerce			fullAgreement
מצרים	מצרי'	מצרים	מצרים	מצרים	Egypt	مصر	temp0012	#K8046	KIMA	commerce			fullAgreement
ארץ ישראל	ארץ ישראל	ארץ ישראל	ארץ ישראל	ארץ ישראל	Palestine	فلسطين	temp0013	#K2501	KIMA	commerce		ארץ	fullAgreement
					Africa		temp0014	#Q181238	Wikidata				AdlerOnly
גירונדה	גירונדה	גירונה	גירונה	גרונדה	Gerona	جيرندة	temp0015	#K8720	KIMA	itin			fullAgreement
נרבונה	נרבונה	נרבונה	נירבונה		Narbonne	أربونة	temp0016	#K10031	KIMA	itin		עיר	fullAgreement
בידרש	בידרש	בדרש	בידרש	בדרש	Beziers	بيزيه	temp0017	#K7195	KIMA	itin		עיר	fullAgreement
הר געש	הר געש	הר געש	הר געש	געש			temp0018	#K7467	KIMA	itin			AsherOnly
מונפישלייר	מונפישלייר	מונפישליר	מונפישלייר	מונט פשליר	Montpellier	مونبليه	temp0019	#K7467	KIMA	commerce			fullAgreement
אל-ערוה	אל עדוה		אלעדוה	אל עדוה	Algarve	الغرب	temp0020	#K7951	KIMA	commerce		ארץ	fullAgreement
לונברדייא	לונברדייא	לומרדיאה	למוברדיאה	לונברדיאה	Lombardy	لمبردية	temp0021	#K10968	KIMA	commerce			fullAgreement
רומא רבתא	רומא רבתא	רומה רבתא	רומה רבתא	רומה רבתא	Rome	رومية الكبرى	temp0022	#K7637	KIMA	commerce		מלכות	fullAgreement
מצרים	מצרים		מצרים	מצרים	Egypt		temp0023	#K8046	KIMA	commerce		ארץ	AsherAdlerAgreement
ארץ ישראל	ארץ ישראל		ארץ ישראל	ארץ ישראל	Palestine	فلسطين	temp0024	#K2501	KIMA	commerce		ארץ	fullAgreement
יון	יון		יון	יוון	Greece	اليونان	temp0025	#K8822	KIMA	commerce			fullAgreement
צרפת	צרפת		צרפת	צרפת	France	فرنسة	temp0026	#K6399	KIMA	commerce		ארץ	fullAgreement
					Asia		temp0027						AdlerOnly
ספרד	ספרד		ספרד			أسبانية	temp0028	#K6471	KIMA	commerce		ארץ	HaddadAsherAgreement
אינגלטירה	אינגלטירה		אינגילטירה	אינגלטירא	England	إنكلترة	temp0029	#K12708	KIMA	commerce			fullAgreement
					Montpellier		recogito-63527933-196a-4d3f-temp0019bb52-4cd9cd8cb316	#K7467	KIMA				
לוניל	לוניל	לוניל	לוניל	לוניל	Lunel	لونل	temp0030	#K12204	KIMA	itin			fullAgreement
					Lunel		temp0031	#K12204	KIMA				AdlerOnly
פותייקיירש	פותייקיירש		פורייקיירש	פושקרש	Posquières	بوسكيار	temp0032	#K7808	KIMA	itin		כרך	fullAgreement
נוגריש	נוגרש	מגרש	נוגרש	מגרש		نو غرس	temp0033	#K10262	KIMA	itin			HaddadAsherAgreement
בורק דשל גיל	בורק דשל גיל	בורגו דשינגילי	בורקרשאלגיל	בורגו דשגיל	Bourg de St. Gilles		temp0034	#K10262	KIMA	namesake:ling			fullAgreement
רודי	רודי	רואתנו	רודי	רודנו	Rhone	رودي	temp0035	#K2047	KIMA	cityDesc+geography			fullAgreement
פרובנצה	פרובנצה	פירובינצא	פרובינצא	פרובינסה	Provence	بروفانسية	temp0036	#K8962	KIMA	geography			fullAgreement
ארליט	ארליט		אליש	ארליד	Arles	آرل	temp0037	#K7224	KIMA	itin		עיר	fullAgreement
מרשילייה	מרשילייה	מרשילה	מרסיליא	מרשיליה	Marseilles	مرسيلية	temp0038	#K7085	KIMA	itin		עיר	fullAgreement
מגדל למעלה					castle	أعلاها، بجوار الحصن الكبير	temp0039			citysite		מגדל	fullAgreement
					Marseilles		temp0040	#K7085	KIMA				AdlerOnly
גינואה	גינואה	ייניבה	גיינובא	יינובה	Genoa	جنوة	temp0041	#K877	KIMA	itin		עיר	fullAgreement
סבתה	סבתה	סיבתיא	סבתה	סבתה	Ceuta	سبتة	temp0042	#K8782	KIMA	biographic		עיר	fullAgreement
					Greece		temp0043	#K8822	KIMA				AdlerOnly
					Sicily		recogito-d4f26233-69bf-4877-ad36-8893015818f9	#K6284	KIMA				
גינואה	גינואה	יינובה	גיינובא	יינובה	Genoa	جنوة	temp0044	#K877	KIMA	self?		עיר	fullAgreement
פישה	פישא	פיסא	פיסה	פיסא	Pisa	بيزة	temp0045	#K251	KIMA	war			fullAgreement
פישה	פישא	פיסא	פיסה	פיסא	Pisa	بيزة	temp0046	#K251	KIMA	itin		עיר+מדינה	fullAgreement
					Pisa		temp0047	#K251	KIMA				AdlerOnly
לוקא	לוקא	לוקה	לוקה	לוכה	Lucca	لوكة	temp0048	#K6491	KIMA	itin		עיר	fullAgreement
					Lombardy		temp0049	#K10968	KIMA				AdlerOnly
					Lucca		recogito-52fa46da-8fd6-41b1-b92c-8c5e8755c0c3	#K6491	KIMA				
רומא רבתא					Rome	رومية الكبرى	temp0050	#K7637	KIMA				AdlerOnly
	רומא רבתא	רומה רבתא	רומי רבתא	רומה רבתא	Rome		temp0050b			itin		עיר+ראש מלכות+מדינה	fullAgreement
טרשטיברי					Trastevere		recogito-f8ca3059-64ef-4a40-8886-8b1912fabce6	#Q914255	Wikidata				
							temp0051b						
טיברוס					Tiber	التبر	temp0052	#K61045	KIMA	urban		נהר	fullAgreement
שלביטרא די רומא					St. Peter's of Rome		temp0053	#Q12512	Wikidata	urban		במה	fullAgreement
ארמון של					"Palace of Julius
                        Caesar"	قصر عظيم لطيطس	temp0054			urban		ארמון	fullAgreement
רומא					Rome		temp0055						AsherAdlerAgreement
					Rome		temp0056						AdlerOnly
					Sepharad		temp0057	#K6471	KIMA				AdlerOnly
היכל					palace		temp0058					היכל	AsherAdlerAgreement
					Rome		temp0059						AdlerOnly
ירושלים					Jerusalem	المدة	temp0060	#K691	KIMA				fullAgreement
					Rome		recogito-4a61af5c-dc1f-4ee1-b8fa-9073f8f48d34						
ארמון המלך					palace of Vespasianus	الملك إسبازيان	temp0061					ארמון	fullAgreement
					Colosseum		recogito-10806a99-a469-4cad-a39b-2f3c39b95e8b	#Q10285	Wikidata				
					Rome		temp0062						AdlerOnly
מערה					"cave which runs
                        underground"	غار	temp0063						fullAgreement
					catacombs		temp0064						AdlerOnly
שלטיאני א-לטישנא					"church of
                        St. John in the Lateran"	القديسة جيوفاني في بورتة لاتينة	temp0065	#Q84090	Wikidata				fullAgreement
					Rome		temp0066						AdlerOnly
מערה					cave	الكهف	temp0067						fullAgreement
ירושלם					Jerusalem		temp0068	#K691	KIMA				AsherAdlerAgreement
מערה					cave		temp0069						AsherAdlerAgreement
טיברו					Tiber	التبر	temp0070	#K61045	KIMA			נהר	fullAgreement
שלגוון דלטרנה					"St. John in the
                        Lateran"		temp0071	#Q84090	Wikidata				AsherAdlerAgreement
						غار	temp0072						HaddadOnly
קושטנדינה					Constantinople	قسطنطينية	temp0073	#K533	KIMA				fullAgreement
קושטנטינופולי	קושטנטינופלי	קוסטנטינופולי	קוסטאנטינופילו				temp0074	#K533	KIMA				AsherOnly
							temp0075						AsherOnly
					Rome		temp0076						AdlerOnly
קפואה	קפואה	קפיאה	קאפואה	קפיאה	Capua	كابوة	temp0077	#K6800	KIMA	itin		מדינה	fullAgreement
פוצול	פוצול	פצילי	פיצולו	פוצוילי	Pozzuoli	فوزولي	temp0078	#K9790	KIMA	itin		עיר+מדינה	fullAgreement
סוריינטו	סוריינטו	סוריינטו	סיריינטו	סוריינטו	Sorrento	صورنتو	temp0079	#K9809	KIMA	idf		עיר	fullAgreement
לונברדיאה	לונברדיאה	לומרדיאה	לומברדיאה	לונברדיאה	Lombardy	الأمبرذية	temp0080	#K10968	KIMA				fullAgreement
רומא	רומ׳	דומה	רומי	רומה	Rome	رومية	temp0081	#K440	KIMA	history		עיר	fullAgreement
					Naples		temp0081b	#K673	KIMA				
נאפולי	נאפול		נאפולי	נאפולי	Naples	نابل	temp0082	#K673	KIMA	itin		עיר+מדינה	fullAgreement
שלירנה	שלירפה	סלירנה	סלירפה	סלירנה	Salerno	سلرن	temp0083	#K6373	KIMA	itin		עיר	fullAgreement
ציפונת	ציפונת		צפונת	ציפינת	Siponto	السيفونتي	temp0084	#K7024	KIMA	biographic		עיר	fullAgreement
אמלפי	לאמלפי	למלכי	למלאלפי	מלכי	Amalfi	أمالفى	temp0085	#K6262*	KIMA	itin			fullAgreement
בינאבינטו	בנאבינטו	בינבנטו	ביניווינטו	בנבנתו	Benevento	بنفنتو	temp0086	#K6449	KIMA	itin		עיר	fullAgreement
מלפי	#ממלכי	מלפה	מלפי	מלפי	Melfi	مالفي	temp0087	#K12281	KIMA	itin			fullAgreement
פולייא	פוליא	פוליא	פוליא	פוליאה	Apulia	أفولية	temp0088	#K7555	KIMA				fullAgreement
פול	ארץ פול	ארץ פול	ארץ פול	ארץ פול	Pul		temp0089						AsherAdlerAgreement
					Melfi		temp0090	#K12281	KIMA				AdlerOnly
אשקולי	אסקולי		אסקולי	אשכולי	Ascoli	أشقولي	temp0091	#GN3182747	Geonames	itin			fullAgreement
טרנאה	טרנאה	טרני	טראני	טראני	Trani	تراني	temp0092	#K7879	KIMA	itin		עיר	fullAgreement
ירושלים	ירושלם	ירושלם	ירושלם	ירושלם	Jerusalem	القدس	temp0093	#K691	KIMA				fullAgreement
מיקילס דבר	מיקילס	נקולוש	מיקולסדבר	קול	Colo di Bari	نيقولاس دي باري	temp0094	#K7504	KIMA	itin			fullAgreement
	ציקיליה	סיציליאה	ציקיליא'	צקיליה	Sicily		recogito-8a4d6131-4b0c-490e-bf42-62daf2a574ca	#K6284	KIMA				
טראנטו	טרנטו	טרנטו	טראטו	טירטנו	Taranto	طارنت	temp0095	#K8176	KIMA	itin+border		עיר	fullAgreement
קלאבריאה	קלאבריאה	קלבריאה	קלאבריא'	קלבריה	Calabria		temp0096	#K7660	KIMA		תחלת מלכות ארץ קלאבריה	מלכות ארץ	AsherAdlerAgreement
					Taranto		temp0097	#K8176	KIMA				AdlerOnly
ברנדישי	ברנדיס	ברינבס	נרניס	ברנדיש	Brindisi	برنديزي	temp0098	#K11068	KIMA	itin			fullAgreement
אוטרנדו	אורנדו	אוסרינטו	אורנארו	אורדינדו	Otranto	أوطرنت	temp0099	#K7029	KIMA	itin			fullAgreement
יון						اليونان	temp0100	#K8822	KIMA				HaddadAsherAgreement
	אוקרופוס	קופרו	אוקרופוס	אקורפוס	Otranto		temp0101	#K7029	KIMA				AdlerOnly
קרופוס					Corfu	قرفو	temp0102	#K1039	KIMA	itin	עד הנה מלכות ציקיליה		fullAgreement
ציקיליה					Sicily		temp0103	#K6284	KIMA				AsherAdlerAgreement
לבטה	בטה	ארטה	באנטה	רנוה	Larta 	أرته	temp0104	#K20954	KIMA	itin+border	תחלת מלכות מנואל מלך היונים	ארץ	fullAgreement
אכילון	נטוליקון	נטוליקון	נאטוליקץ	נטוליקון	"Aphilon
                        "	إخيلون	temp0105	#U1		itin			HaddadAsherAgreement
נטוליקון	אכילון	אפילון	אקילץ	אפילון	Anatolica	أناطوليكه	temp0106	#GN265507	Geonames	itin			fullAgreement
פטרה	לפטרה	_	לפאטרה	_	Patras	بتراس	temp0107	#K12768	KIMA	itin		מדינה	fullAgreement
לפנטו	ללפנטו	לכיפטו	ללופאנטי	_	Kifto 	ليبنتو	temp0108	#K21742	KIMA	itin			fullAgreement
קורש	קורש	קרייש	קורש	_	Crissa	كريسة	temp0109	#GN259862	Geonames	itin			fullAgreement
פרנש	פורש	קרש	פורש			برناسوس	temp0110	#K3527	KIMA				HaddadAsherAgreement
קורינטו	קורינטו	קורנטו	קורונאטי	_	Corinth	قورنث	temp0111	#GN259289	Geonames	itin		עיר	fullAgreement
טיבש	טיבש	תיביס	טיוכס		Thebes	طيبة	temp0112	#K14830	KIMA	itin		עיר	fullAgreement
יון					Greece	اليونان	temp0113	#K8822	KIMA			ארץ	fullAgreement
קושטנטינופולי	קושטטינופולי	קוסטנטינה	_	_	Constantinople	قسطنطينية	temp0114	#K533	KIMA	comparison		מדינה	fullAgreement
					Thebes		temp0115	#K14830	KIMA				AdlerOnly
ארגירפו	לארגירפו	לאיגריט	לארגריפו	_	Egripo	نغروبنت	temp0116	#K14277	KIMA	itin		עיר	fullAgreement
יובשטריסה	יבושטריסה	יבושטריסה	יבוסטריסו	_	Jabustrisa	يابشتريشة	temp0117	#GN258577	Geonames	itin		מדינה	fullAgreement
רובינקה	לרובינקה	_	לרווינגו	_	Rabonica	رابنكة	temp0118	#GN261211	Geonames	itin			fullAgreement
שינון פוטמו					Sinon Potamo	شينون بوتامس	temp0119	#GN258620	Geonames	itin	תחלת בלכיא		fullAgreement
בלכיא	בלכיא	הלבלירא	בילקאייה	_	Wallachia	أفلاجونية	temp0120	#K9259	KIMA				fullAgreement
יון					Greece		temp0121	#K8822	KIMA				AsherAdlerAgreement
גרדיגי	לגרדיגי	לגודיטו	לגרריקו	_	Gardiki	غرديكى	temp0122	#GN255638	Geonames	itin			fullAgreement
ארמילו	לארמולו	לארמילו	לארמילו	_	Armylo	أرميروس	temp0123	#BJ5	Byzantine Jewry	itin		עיר	fullAgreement
בישינה	לבישינה	לבישינה	למישינה	_	Vissena	بسينة	temp0124	#BJ9	Byzantine Jewry	itin			fullAgreement
סלוסקי	סלוסקו	_	סיאלוסקי	_	Salonica	سلانيك	temp0125	#K103	KIMA	itin		עיר	fullAgreement
יון							temp0126	#K8822	KIMA				AsherOnly
מיטריסי	למיטריסי	טוריס	למטריסי	_	Demetrizi	متريزي	temp0127	#GN736795	Geonames	itin			fullAgreement
דרמה	לדרמה	לרדמה	לרראמה	_	Drama	درامة	temp0128	#K14269	KIMA	itin			fullAgreement
קנישתולי	לקנישתולי	לקרישתופילי	לקניסטולי	_	Christopoli	كرستوبوليس	temp0129	#GN735861	Geonames	itin			fullAgreement
אבירו	ליבירו	לאברו	לאבירו	_	Abydos	أبيدوس	temp0130	#BJ514	Byzantine Jewry	itin			fullAgreement
קושטנדינה	קושטנדינה	קושטינה	קוסטאנטינו	_	Constantinople	قسطنطينية	temp0131	#K533	KIMA			מדינת	fullAgreement
יון					Javan	الروم	temp0132	#K8822	KIMA	commerce		ארץ	fullAgreement
					Greece		temp0133	#K8822	KIMA				AdlerOnly
קושטנטינה	קושטנטינה	קושטנטינה	קוסטאנטינה	_	Constantinople	قسطنطينية	temp0134	#K533	KIMA			מדינה+ראש המלכות	fullAgreement
קושטאנטינה	קושטאנטינה	קוסטנטינה	קוסטאנטינה	_	Constantinople	قسطنطينية	temp0135	#K533	KIMA			עיר	fullAgreement
ים רוסיה					sea of Russia	بحر روسية	temp0136	#K1856	KIMA			ים	fullAgreement
ים ספרד					sea of Sepharad	بحر إسبانية	temp0137					ים	fullAgreement
בבל	בבל	בבל	בבל	_	Babylon	بابل	temp0138	#U4		commerce		ארץ	fullAgreement
שנער	שנער	שנער	שנער	_	Shinar	شنعار	temp0139	#Q1404297	Wikidata	commerce		ארץ	fullAgreement
מדי	מדי	מדי	מדי	_	Media	مادي	temp0140	#K22613	KIMA	commerce		ארץ	fullAgreement
פרס					Persia	فارس	temp0141	#K7639	KIMA	commerce			fullAgreement
מצרים					Egypt	مصر	temp0142	#K8046	KIMA	commerce		מלכות ארץ	fullAgreement
כנען					Canaan		temp0143						AsherAdlerAgreement
רושיא	רושיא	רוסיאה	רושיא	_	Russia	روسية	temp0144	#U6		commerce		מלכות	fullAgreement
אונגריאה	אונגריאה	אונגריאה	אונגריא'	_	Hungaria	هنغارية	temp0145	#Q171150	Wikidata	commerce			fullAgreement
פסיינקי	פסיינקי	פיסינקי	פסינגי	_	Patzinakia	البجاناكية	temp0146	#U2		commerce			fullAgreement
בודיא	בוריא	כזריאה	בוריא'	_	Khazaria	الخزر	temp0147	#U3		commerce			fullAgreement
						ولمبرذية	temp0148						HaddadOnly
לונברדייא	לונברדייא	לומברדיאה	לומברדיא'	_	Lombardy		temp0149	#K10968	KIMA	commerce		ארץ	AsherAdlerAgreement
ספרד	ספרד	ספרד	ספרד	_	Sepharad	إسبانية	temp0150	#K6471	KIMA	commerce			fullAgreement
בגדיד	מבגדיד	מבגדד	מבגדד	_	Bagdad	بغداد	temp0151	#K662	KIMA	comparison		עיר	fullAgreement
					Constantinople		temp0152	#K533	KIMA				AdlerOnly
במה של תוספיה	במה של תוספיה	במה ע׳ סופיה	במה של טוספיה		church of Santa Sophia		temp0153	#Q12506	Wikidata			במה	AsherAdlerAgreement
	רומא	רומה	רומי		Rome		temp0154						AdlerOnly
בילכירנש	בילבירנש	בלבידיניש	בילוויראנוס	בלבירוש	Blachernae		temp0155	#Q1472490	Wikidata			ארמון	fullAgreement
יון					Greece	الروم	temp0156	#K8822	KIMA			ארץ	fullAgreement
					Constantinople		temp0157	#K533	KIMA				AdlerOnly
ים שופיא	ים שופיא	הים רוסיא	ים סופיא'	ים רומי	"sea of
                        Marmora"	خليج مرمرة	temp0158					ים	fullAgreement
פירא	דיס פירא	פיירה	פירא	פיירה	Pera	بيرة	temp0159	#K7544	KIMA			מקום	fullAgreement
					Constantinople		temp0160	#K533	KIMA				AdlerOnly
רודוסטו	רודורטו	#_	ודורוסאטו	מדוטוס	Rhaedestus	رودستو	temp0161	#K22213	KIMA	itin			fullAgreement
גאליפולי	גאליפולי	דפולי	גליפולי	קליפולי	"Callipolis
                        "	غليبولي	temp0162	#GN746983	Geonames	itin			fullAgreement
קלש	קלש	קיליש	קאליסי	קילש	Kales	كالس	temp0163	#BJ23	Byzantine Jewry	itin			fullAgreement
מיטילין	למיטילי	מיטילי	למיטולי	מיטלי	Mytilene	مدلي	temp0164	#GN256866	Geonames	itin			fullAgreement
כא	חיבא	איפינו		אפיוז	Chios	خيوس	temp0165	#K17289	KIMA	itin			fullAgreement
סמו	לאיסמו	לאסמו			Samos	صاموس	temp0166	#K14268	KIMA	itin			fullAgreement
					Samos		temp0167						AdlerOnly
רודוש	לרודוש	לרודיש	לרודיס		Rhodes	رودس	temp0168	#K2044	KIMA	itin			fullAgreement
כיפרוס	לדופרוס	לקורפוס	לדופרוס		Cyprus	قبرس	temp0169	#K7562	KIMA	itin			fullAgreement
					Cyprus		temp0170	#K7562	KIMA				AdlerOnly
קורקוס	קורקוס	קוקוס	קורקוס	קורקוס	Curicus 	قوريقوس	temp0171	#PL638939	Pleiades	itin+border	תחלת ארץ ארם/תחלת ממשלת טורוש בעל ההרים מלך ארמניה המולך עד מדינת דוכיא ועד ארץ התוגרמים		fullAgreement
ארם	אדו'	ארם	אדום		Armenia		temp0172						AsherAdlerAgreement
ארמניא	_	ארמינייא	ארמיניא'	ארמיניאה	Armenia		temp0173	#K16830	KIMA				AsherAdlerAgreement
דוכיא	הדוכיא	הרוביא	הדוכיא'	ארמניא	Trunia	دوكية	temp0174					מדינת	fullAgreement
מלמישטרש	מלמישטרש	מילמישטריש	מאל משטייר	מלמישטרוש	Malmistras	ملمستراس	temp0175	#U11		itin+border	עד הנה מלכות היונים		fullAgreement
תרשיש	תרשיש	תרשיש	תרשיש	תרשיש	Tarshish	ترشيش	temp0176	#U10		idf			fullAgreement
אנטוכיא הגדולה	אנטוכיא	אנטוכיאה	אנטוכיה	אנטוכיא	Antioch the Great	انطاكية	temp0177	#K11503	KIMA	itin		עיר	fullAgreement
נהר פיר	פיר	פור	פיר	פור	Fur 		temp0178	#K5150	KIMA				fullAgreement
נחל יבוק	יבוק	יבוק	יבוק	יבוק	Jabbok	يبوق	temp0179	#U9					fullAgreement
הר הלבנון	הלבנון	הלבנון	הלבנון	הלבנון	Mount Lebanon	جبال لبنان	temp0180	#K15821	KIMA			הר	fullAgreement
חמת	חמת	צמית	חמת	חמת	Hamath	حماة	temp0181	#K11554	KIMA				fullAgreement
ליגא	ליגא	ליגה	ליגה	ליגא	Lega	الليكة	temp0182	#GN173576	Geonames	itin			fullAgreement
לודקיא	ודקיא	דוקיה	ודקייא	רוקיא	Ladikiya	اللاذقية	temp0183	#GN173576	Geonames	idf			fullAgreement
גיבל	גיבל	גובל	גיויל	גבאל	Gebal 	جبلة	temp0184	#K15288	KIMA	itin			fullAgreement
בעל-גד	בעל בר	בעל גד	בעל גד	בעל גר	Baal-Gad	بعلجاد	temp0185			idf			fullAgreement
הר הלבנון	הלבנון	הלבנון	הלבנון	הלבנו'	Lebanon	جبل لبنان	temp0186	#K15821	KIMA	geography		הר	fullAgreement
קרמוס	קרמוס	קדמוס	קרמוס	קרמוס	Kadmus	القدموس	temp0187	#GN173389	Geonames	itin		עיר	fullAgreement
קדמות	קדמות	קדמת	קדמות	קדמות	Kedemoth		temp0188	#GN173389	Geonames	idf			AsherAdlerAgreement
סיחון	סיחון	סיחון	סיחון	סיחון	Sihon	سيحون	temp0189	#U8				ארץ	fullAgreement
טריפול	טריפול	טריפול	טריפולי	טריפול	Tripolis		temp0190	#K13529	KIMA	war?		השלטון!	AsherAdlerAgreement
טראבבלוס אל*) שאם	טראבלוס	טרבלוס	טרווילוס	טרובלוס	Tarabulus el Sham	طرابلس الشام	temp0191	#K13529	KIMA	idf			fullAgreement
	טריפול	טריפול	טריפולי	טריפול	Tripolis		temp0192						AdlerOnly
ארץ ישראל					Land of Israel	فلسطين	temp0193	#K2501	KIMA			ארץ	fullAgreement
גיבל האחרת	גיבל	גיבל	גובל	גבאל	"Gebal
                        "	جبيل	temp0194	#K18052	KIMA	itin	גבול בני עמון		fullAgreement
הבמה						أطلال معابد	temp0195					במה	HaddadAsherAgreement
ארץ ישראל					"land of
                        Israel"		temp0196	#K2501	KIMA			ארץ	AsherAdlerAgreement
בירוט	בירוט	ברות	ברוטי	ביקות	Beirut	بيروت	temp0197	#K651	KIMA	itin			fullAgreement
בארות	בארות	בארות	בארות	בארות	Beeroth	بئيروت	temp0198	#K651	KIMA	idf			fullAgreement
ציידא	ציידא	סידה	צידה	צידה	Saida	صيداء	temp0199	#K13639	KIMA	itin		עיר	fullAgreement
צידון	צידון	צידון	צידון	צידון	Sidon	صيدون	temp0200	#K13639	KIMA	namesake:ling			fullAgreement
צידון	צידון	צידון	צידון	צידון		صيداء	temp0201	#K13639	KIMA				HaddadAsherAgreement
חרמון	חרמון	חרמון	חרמון	_	Mount Hermon	حرمون	temp0202	#K21726	KIMA			הר	fullAgreement
				_		صرفندة	temp0203	#K13639	KIMA				HaddadOnly
	#_	צרפתה	#_	צרפתה	Sarepta 		recogito-5ad3f8f7-9f85-4dea-8689-93e677b174d4						
	#_	צידון	#_	צידו[]			temp0203a	#K13639	KIMA				
צור החדשה	לצור	לצור	לצור		Tyre 	صور الجديدة	temp0204	#K14095	KIMA			עיר סחורה	fullAgreement
					Tyre		temp0205						AdlerOnly
					Tyre		recogito-9bfce090-2ac5-48b8-9331-481bbde0ab19						
	מקרקשונה	_	מקארקשונה	[]שונה	Carcassonne	القرقسوني	temp0206						HaddadAdlerAgreement
צור החדשה	צור	צור	צור	צור	Tyre	صور الجديدة	temp0207	#K14095	KIMA				fullAgreement
צור המעטירה	צור	צור	צור	צור	ancient Tyre		temp0208	#U12					AsherAdlerAgreement
צור החדשה	צורה	צור	צור	צור	New Tyre	صور الجديدة	temp0209	#K14095	KIMA				fullAgreement
אקרי	אקדי	אקרי	אקדי	אקרי	Acre	عكاء	temp0210	#K71	KIMA	itin	גבול אשר		fullAgreement
עכו					Acco	عكو	temp0211	#K71	KIMA		גבול אשר, תחלת ארץ ישראל		fullAgreement
ארץ ישראל					land of Israel	فلسطين	temp0212	#K2501	KIMA			ארץ	fullAgreement
הים הגדול					Great Sea		temp0213					ים	AsherAdlerAgreement
ירושלם					Jerusalem	القدس	temp0214	#K691	KIMA				fullAgreement
נחל קדומים					Kedumim	نهر قدوميم	temp0215	#U13					fullAgreement
כיפש	ניפש	קרפש	ניפים	כיפש	Haifa	حيفا	temp0216	#K791	KIMA	itin			fullAgreement
גת החפר	גד החפה	גד החפר	גד החפה	החפר	Hahepher		temp0217						fullAgreement
הר הכרמל	הכרמל	הכרמל	הכרמל	הכרמל	"Mount
                        Carmel"	جبل الكرمل	temp0218	#K1156	KIMA	itin?		הר	fullAgreement
מערת אליהו	אליהו	אלייהו	אליהו	אליהו	cave of 	الكهف الذي أوى إليه النبي إلياس	temp0219	#K58317	KIMA				fullAgreement
שנט אליש	שנט אליש	שנת אלייש	סאנטו אליאס	שאן אליש	St. Elias		temp0220	#U14					fullAgreement
מקום המזבח	המזבח	המזבח	מזבח	המזבח	altar	أطلال المذبح	temp0221						fullAgreement
נחל קישון	קישון	קישון	קישון	קישון	Kishon	نهر قيشون	temp0222	#K63071	KIMA	itin?			fullAgreement
כפר נחום	#כפר נחום	#כפר נאום	#כפר נחום	כפר נאום	Capernaum	كفرناحوم	temp0223	#U15				כפר	fullAgreement
	כפר נחום	כפר נחום	כפר נחום	כפר דנחום	"village of
                        Nahum"		recogito-d062f403-8566-4390-838a-18608cecbab5						
מעין	מעין	מעיין	מעין	מעון	Maon	معون	temp0224						fullAgreement
שיזריא	שיזריא	שיזיריאיה	סיצאריא'	שיזיריאה	Caesarea	قيسارية	temp0225	#K6936	KIMA	itin		עיר	fullAgreement
גת	גד	גת	גת	גת	Gath		temp0226			idt		עיר*	AsherAdlerAgreement
					Shomron		temp0227						AdlerOnly
קיסריה	קיסריה	קסריאה	קיסיריאה	קיסיריה	Caesarea		temp0228	#K6936	KIMA	namesake:ling			fullAgreement
קקון	קקו	קאקו	קאקו	קאקו	Kako	قاقون	temp0229	#K19717	KIMA	itin			fullAgreement
קעילה	קעילה	קעילה	קעילה	קעילה	Keilah	قعيلة	temp0230						fullAgreement
שרגורג	שרגורג	שרגני	סרגוגר	שרגרני	St. George	اللد	temp0231	#K48396	KIMA	itin			fullAgreement
לוז	לוז	לוד	לוז	לוד	Ludd	لوز	temp0232	#K48396	KIMA				fullAgreement
שבשת	שבשת	שבשת	שבשת	שבשת	Sebastiya	سبسطية	temp0233	#Q1757438	Wikidata	itin		היתה עיר בצורה	fullAgreement
שומרון	שומרון	שומרון	שומרון	שומרון	Shomron	السامرة	temp0234	#Q1757438	Wikidata	idt			fullAgreement
ארמון אחאב					palace of 	قصر آخاب بن عمري ملك إسرائيل	temp0235						fullAgreement
נבילש	נבילש	נפליש	נאבילוס	נפלוש	Nablous	نابلس	temp0236	#K5412	KIMA	itin			fullAgreement
שכם	שכם	שכם	שכם	שכם	Shechem	شيكيم	temp0237	#K5412	KIMA				fullAgreement
הר אפרים	אפרים	אפרים	אפרים	אפרים	"Mount
                        Ephraim"	جبل إفرايم	temp0238					הר	fullAgreement
הר גריזים	גריזים	גרזים	גריזים	גריזים	Mount Gerizim	جبل جرزيم	temp0239	#Q1288751	Wikidata			הר	fullAgreement
הר עיבל	עיבל	עיבל	עיבל	עיבל	Mount Ebal	جبل عيبال	temp0240	#Q1975866	Wikidata			הר	fullAgreement
הר גריזים					"Mount
                        Gerizim"	جبل الجرزيم	temp0241	#Q1288751	Wikidata			הר	fullAgreement
הר גריזים					"Mount
                    Gerizim"		temp0242	#Q1288751	Wikidata			הר	AsherAdlerAgreement
הר גריזים					Mount Gerizim		temp0243	#Q1288751	Wikidata			הר	AsherAdlerAgreement
					"Mount
                        Gerizim"		temp0243a	#Q1288751	Wikidata				
קבר יוסף	יוסף	יוסף	יוסף	יוסף	grave of Joseph	قبر يوسف	temp0244	#Q1297538	Wikidata			קבר	fullAgreement
שכם	שכם	שכם	_	שכם	Shechem		temp0245	#K5412	KIMA				AsherAdlerAgreement
הר גריזים					"Mount
                        Gerizim"	جبل جرزيم	temp0246	#Q1288751	Wikidata	itin?		הר	fullAgreement
הר עיבל					"Mount
                        Ebal"	جبل عيبال	temp0247	#Q1975866	Wikidata	itin?		הר	fullAgreement
שכם	שכם	שכם	שכם	שכם	Shechem	شكيم	temp0248	#K5412	KIMA	itin?		עיר	fullAgreement
הר הגלבוע	הגלבוע	הגלבוע	הגלבוע		Mount Gilboa	جبل جلبوع	temp0249	#K33871	KIMA	itin?		הר	fullAgreement
				_	village		temp0250						AdlerOnly
מונטו גלבוי	מונטו גלב	מונטבלבומי	מננטו [מצונזר]	מונת גלבואי		جلبون.	temp0251	#K33871	KIMA				HaddadAsherAgreement
עמק אילון	אילון	אלון	אילון	אילון	Ajalon	وادي أيلون	temp0252	#K21722	KIMA	itin			fullAgreement
וואל דלונא	וואל דלונא	באלדלודה	וואלי דלונא	בר דלונאי	Val-de-Luna	وادي لونه	temp0253					עמק	fullAgreement
						يالو	253b						
גראן דוד	גראון דוד	גרגר	גארו דור	גרנר		جرن داود	temp0254	#Q311326	Wikidata	itin		עיר	fullAgreement
גבעון הגדולה	גבעון	גבעון	גבעון	גבעון	Gibeon	جبعون القديمة	temp0255					עיר	fullAgreement
	ירושלם	ירושלם	ירושלם	ירושלם			temp0256						HaddadOnly
(להר	הר המוריה	מהורמריאה	הר המוריה	מהור מריא	Mahomerie-le-Grand	جبل المورية	temp0257					הר	HaddadAsherAgreement
ירושלם					Jerusalem	بيت المقدس	temp0258	#K691	KIMA	itin		עיר	fullAgreement
ירושלם					Jerusalem	القدس	temp0259	#K691	KIMA			עיר קטנה ובצורה	fullAgreement
מגדל דוד	מגדל דוד	מגדל דוד	מגדל דוד	מגדל דוד	"Tower of
                        David"	لبرج داود	temp0260	#K21050	KIMA			מגדל	fullAgreement
					"Tower of
                        David"		temp0261	#K21050	KIMA				AdlerOnly
					"Tower of
                        David"		recogito-521bc461-7ccd-4a6d-87aa-bfc93eb23879	#K21050	KIMA				
שתי בתים אשפיטלי	#אשפיטלי	#האספיתאלי	#איספוטאלי	אשפיטאל	hospital	مستشفيان	temp0262			citysite			fullAgreement
בית שני	שפתלי שלמון	טמפלי שלמון	ספיראלי סאלמוני	טינפולי שלמון	"Temple of
                        Solomon"		temp0263						AsherAdlerAgreement
					Jerusalem		temp0264	#K691	KIMA				AdlerOnly
שפולקרי	_	שלפוקרי	_	שיפורקי	Sepulchre		temp0265	#Q3463426	Wikidata	citysite			AsherAdlerAgreement
ירושלם	ירושלם	ירושלם	ירושלם	ירושלם	Jerusalem	للقدس	temp0266	#K691	KIMA	cityDesc+sites?			fullAgreement
שער אברם	שנת אברם	אברם	שער אברהם	אברם	gate of Abraham	باب إبراهيم	temp0267						fullAgreement
שער דוד	דוד	דוד	דוד	דוד	gate of David	باب داود	temp0268						fullAgreement
שער ציון	ציון	ציון	ציון	ציון	gate of Zion	بات صهيون	temp0269						fullAgreement
		יהושפט		גושפט	gate of Gushpat		temp0270						fullAgreement
שער יהושפט	יהושפט	יהושפט	יהושפט	יהושפט	gate of Jehoshaphat	باب يوشفاط	temp0271						AdlerOnly
טמפלו דומינו	טמפלר דומינו	טימפלו רומינו	טימפלו רומאנו	שינפולי דומיני	Templum Domini		temp0272			citysite		מקום המקדש	AsherAdlerAgreement
כותל מערבי	מערבי	מערבי	מערבי	מערבי	western wall		temp0273			citysite			AsherAdlerAgreement
שער הרחמים	הרחמי'	רחמים	רחמים	הרחמים	"Gate
                        of Mercy,"		temp0274						AsherAdlerAgreement
ירושלים					Jerusalem	القدس	temp0275	#K691	KIMA	citysite			fullAgreement
ארוות הסוסים	הסוסים	סוסי'	סוסים	סוסים	stables		temp0276						AsherAdlerAgreement
הבריכה	הבריכה	הברכה	הבריכה	הברכה	pool	أطلال المذابح	temp0277			citysite			fullAgreement
שער	יהושפט	יהושפט	יהושפט	יהושפט	gate of Jehoshaphat	باب يوشفاط	temp0278			citysite			fullAgreement
	מדבר העמים	מדבר העמים	מדבר העמים	מדבר העמים	"valley of
                        Jehoshaphat, which is the gathering-place of nations"		temp0279						AdlerOnly
יד אבשלום	אבשלום	אבשלום	אבשלו'	אבשלום	"Absalom's
                        Hand"		temp0280	#K21099	KIMA				fullAgreement
קבר	עוזיה	עוזיהו	עזיהו	עוזיהו	sepulchre of King Uzziah	مرقد الملك عزية	temp0281					קבר	fullAgreement
מי השילוח	השילוח	שילוח	השילוח	השילוח	Waters of Siloam	نبع سلوان	temp0282			citysite			fullAgreement
נחל קדרון	קדרון	קדרון	קדרון	קדרון	Kidron	وادي قدرون	temp0283						fullAgreement
ירושלם					Jerusalem	القدس	temp0284	#K691	KIMA				fullAgreement
עמק יהושפט	יהושפט	יהושפט	יהושפט	יהושפט	"valley of
                        Jehoshaphat"	وادي يوشفاط	temp0285	#Q531729	Wikidata	itin			fullAgreement
הר הזתים	הזתים	_	הזיתים	הזתים	"Mount of
                        Olives"	جبل الزيتون	temp0286	#K2996	KIMA			הר	fullAgreement
ירושלם	ירושלם	_	ירושלם	ירושלם	Jerusalem		temp0287	#K691	KIMA				AsherAdlerAgreement
הר הזתים					Mount of Olives		temp0288	#K2996	KIMA			הר	AsherAdlerAgreement
הר הזתים	הזתים	_	הזיתים	הזתים	"Mount of
                        Olives"		temp0289	#K2996	KIMA			הר	AsherAdlerAgreement
ים	סדום	סדום	סדום	סדום	"Sea of
                        Sodom"		temp0290	#K1017	KIMA				AsherAdlerAgreement
ים סדום	סדום	סדום	סדום		Sea of Sodom	بحر سادوم	temp0291	#K1017	KIMA	itin?visual			fullAgreement
נציב מלח	נציב מלח	#נציב מלח	נציב מלח	נציב מלח	Pillar of Salt	نصب الملح	temp0292						fullAgreement
ארץ הככר	הככר	_	הככר	הככר			temp0292b						
נחל השטים	השטים	השיטים	השיטים	השטים	valley of Shittim		temp0293			itin@visual			AsherAdlerAgreement
הר נבו	נבו	נבו	נבו	נבו	Mount Nebo		temp0294					הר	AsherAdlerAgreement
ירושלם					Jerusalem	القدس	temp0295	#K691	KIMA	itin			fullAgreement
הר ציון	ציון	ציון	ציון		"Mount
                    Zion"	جبل صهيون	temp0296	#K5920	KIMA			הר	fullAgreement
במה	במה	במה	במה		place of worship	بيعة	temp0297					במה	fullAgreement
ירושלם					Jerusalem		temp0298	#K691	KIMA				AsherAdlerAgreement
שלשה בתים של קברי ישראל					 cemeteries	ثلاث مقابر قديمة لليهود	temp0299						fullAgreement
	_	בצלצח	_	צלצחו	Zelzah		recogito-6f006719-89fa-4973-baee-4933eee82191						
ירושלם					Jerusalem	القدس	temp0300	#K691	KIMA				fullAgreement
הר ציון					Mount Zion		temp0301	#K5920	KIMA			הר	AsherAdlerAgreement
קברי בית דוד	דוד	דוד	דוד		"sepulchres of the House of
                    David"	قبر الملك داود	temp0302					קבר	fullAgreement
קברי המלכים	המלכי'	המלכים	המלכים	המלכים	"sepulchres of the
                        kings"	سائر الملوك	temp0303					קבר	fullAgreement
הבמה אשר					church of 		temp0304					במה	AsherAdlerAgreement
יהודה					Judah		temp0305						AsherAdlerAgreement
קושטניטני	קושטניטני	קושסטנטינה	קושטאנטיני	קוסטנטיני		القسطنطيني	temp0306						HaddadAsherAgreement
ירושלם					Jerusalem		temp0307	#K691	KIMA				AsherAdlerAgreement
קברי בית דוד					sepulchres of the House of David	الكهف مرقد الملوك من آل داود	temp0308					קבר	fullAgreement
					Jerusalem		temp0310	#K691	KIMA	itin			AdlerOnly
בית לחם יהודה	לבית לחם יהודה	לבית לחם יהודה	לבית לחם יהודה	בית לחם	Bethlehem	بيت لحم	temp0311			itin			AdlerOnly
בית לחם	בית לחם	בטליאם	ביתלחם	בית ליאון	Beth-Leon	بيت إليون	temp0312	#K556	KIMA				fullAgreement
בית לחם							temp0314			itin			AsherOnly
מצבת קבורת	מצבת	מצבת	מצבת	מצבת	pillar of Rachel's grave	قبر راحيل	temp0315	#Q2424300	Wikidata	itin			fullAgreement
בית לחם					Bethlehem	بيت لحم	temp0316	#K556	KIMA	itin		ארץ*	fullAgreement
		ע׳ אברם דבירון		ש׳ אברם דברון	"St. Abram de
                        Bron"	St. Abram de  Bron	temp0317	#K40059	KIMA	itin		מדינת חברון היתה בהר והיא חרבה היום הזה ובעמק השדה בשדה המכפלה שם העיר	fullAgreement
חברון						الخليل	temp0317b						
מדינת חברון					Hebron		temp0318					מדינה	AsherAdlerAgreement
שדה המכפלה	המכפלה	המכפילה	המכפלה	המכפלה	field of Machpelah		temp0319						AsherAdlerAgreement
שנט אברהם	שנט אברהם	ע' אברם	סאנט אברהם	ש' אברם	St. Abram		temp0320	#Q204200	Wikidata	citysite			AsherAdlerAgreement
מערה					cave	مغارة	temp0321						fullAgreement
שדה המכפלה					field of Machpelah		temp0322			citysite			AsherAdlerAgreement
ביתו של					"house
                        of "		temp0323					בית	AsherAdlerAgreement
					Hebron		temp0324						AdlerOnly
בית גברין	בית גברין	בית יבריק	בית גבירין	בין גברין	Beit Jibrin	بيت جبرين	temp0325	#K21427	KIMA	itin			fullAgreement
						بيت جبر	temp0326						HaddadOnly
מרשה	מרשה	מרשה	מרשה	מרשה	Mareshah		temp0327	#K4206	KIMA				AsherAdlerAgreement
טורון דו לוש גבללריש*)	לטורון דולוש גברא לריש	לטרון דלושגיב לירש	לטורון דלוס גבראלריש	_		قلعة الحصن	temp0328	#K13834	KIMA	itin			HaddadAsherAgreement
שונם	שונם	_	שובם	_			temp0329	#Q2916070	Wikidata				AsherOnly
שנט שמואל דשילה	שנט	ע'	סאנ'	ש'	St. Samuel of Shiloh	سنت صموئيل	temp0330	#Q2907254	Wikidata	itin			fullAgreement
שילה	שילה	שלה	שילה	שילה	Shiloh	شيلو	temp0331	#Q985542	Wikidata				fullAgreement
ירושלם					Jerusalem	القدس	temp0332	#K691	KIMA				fullAgreement
רמלה	רמלה	_	רמלה	רמלה	Ramlah	الرملة	temp0333	#Q221447	Wikidata				fullAgreement
רמה	רמה	הרמה	רמה	הרמה	Ramah		temp0334						AsherAdlerAgreement
קברו של					"grave of Samuel the
                        Ramathite"		temp0335					קבר	AsherAdlerAgreement
שילה	שילה	שילה	שילה	שילה	Shiloh		temp0336	#Q985542	Wikidata				AsherAdlerAgreement
שנט שמואל דשילה	שנט	ע'	סאנט	ש'	St. Samuel of Shiloh	دير القديس صموئيل	temp0337	#Q2907254	Wikidata				fullAgreement
פשיפוה	#מוריה לפשופוה	מהומריאה לפטיטה	#מוריה לפיסיפיה	מרומריה לפטיטה	Mahomerie-le-petit	بيسان Baisan	temp0338	#Q6041947*	Wikidata	itin			fullAgreement
גבעת שאול					Gibeah of Saul	جبعة شاءول	temp0339						fullAgreement
גבע בנימן	בנימן	בנימן	בנימן	בנימן	"Gibeah of
                    Benjamin"		temp0340						AsherAdlerAgreement
בית נובי	בית נובי	בית טרובי	נובי	בית נאובי	"Beit
                        Nuba"	بيت النبي	temp0341	#Q4874907	Wikidata	itin		בית	fullAgreement
נוב	נוב	נוב	נוב	נוב	Nob		temp0342	#K26059	KIMA	idt		עיר הכהנים	AsherAdlerAgreement
שני הסלעים של					two crags of Jonathan		temp0343						AsherAdlerAgreement
בוצן	בוצץ	בוצין	פוצן	בוצץ	Bozez		temp0344			itin		סלע	AsherAdlerAgreement
סנה	סנה	סנה	סנה	סנה	Seneh		temp0345					סלע	AsherOnly
רמש	לרמש	לרמיש	לרמה	_	Rams	الرملة Ramah	temp0346	#Q221447	Wikidata	itin		היתה עיר גדולה מאד	fullAgreement
הרמה	הרמה	הרמה	הרמה	הרמה	Ramleh		temp0347					(היתה)עיר	AsherAdlerAgreement
גאפה	גאפה	#_	גאפא	גפו	Y[=a]fa	يافة	temp0348	#K45933	KIMA	itin			fullAgreement
יפו	יפו	ליפו	יפו	יפו	Jaffa		temp0349	#K45933	KIMA				AsherAdlerAgreement
איבלין	איבלין	איבילין	אבלת	איבלין	Ibelin	إبلين	temp0350	#K9637	KIMA	itin	עד הנה גבול אפרים		fullAgreement
יבנה	יבנה	יבנה	יבנה	יבנה	Jabneh	يبنة	temp0351	#K9637	KIMA		עד הנה גבול אפרים		fullAgreement
פלמיס	פלמיס	פילמר	פאלמה	פלמיד	Palmid		temp0352	#U19		itin			AsherAdlerAgreement
אשדוד	אשדוד	אשדוד	אשדות	אשדוד	Ashdod	أشدود	temp0353	#Q12412087	Wikidata				fullAgreement
אשקלונה	אשקלונה	אשקלונה	אשקלון	אשקלונה	Ashkelonah	عسقلان	temp0354	#Q104664899	Wikidata	itin		עיר	fullAgreement
אשקלון החדשה	אשקלון	_	אשקלון	אשקלון	"New
                        Askelon"	عسقلان الجديدة	temp0355				יושבת בקצה גבול מצרים		fullAgreement
בניברה	סניברה	_	בטכרה	בני ברק	Bene Berak		temp0356						AsherAdlerAgreement
אשקלון הקדומה	מאשקלון	_	מאשקלון	מאשקלון	Askelon		temp0357						AsherAdlerAgreement
					New Askelon		temp0358						AdlerOnly
						عسقلان الجديدة	temp0359						HaddadOnly
מצרים	ביר	באר	ביר	ביר	Egypt	مصر	temp0360	#K8046	KIMA				fullAgreement
ביר	ביר אברהים אל כליל	באר אברהם אבינו	ביר אברהם אלכליל	ביר אברהם	Bir Abraham	بئر	temp0361					בור	fullAgreement
סגורש*)	סגורש	#_	סאגוריס	שרגורש	St. George	القديس جورج	temp0362	#K48396	KIMA	itin			fullAgreement
לוד	היא	_	היא	היא	Ludd	اللد	temp0363	#K48396	KIMA				fullAgreement
זריין**)	זרזין	זירין	זרזית	זרא	Zerin	زيرين	temp0364	#K21480	KIMA	itin			fullAgreement
יזרעאל	יזרעאל	יזרעאל	יזרעאל	יזרעאל	Jezreel	يزرعيل	temp0365	#K21480	KIMA				fullAgreement
שיפוריה	שיפוריה	שפוריאה	סיפוריא'	שפוריה	Saffuriya	صفورية	temp0366	#K3544	KIMA	itin			fullAgreement
צפורי	צפורי	צפורי	צפורי	ציפורי	Sepphoris	صفوري	temp0367	#K3544	KIMA				fullAgreement
בבל					Babylon		temp0368						AdlerOnly
טיבריה	טיבריה	טבריאה	טיביריא'	טביריה	Tiberias	طبرية	temp0369	#K807	KIMA	itin			fullAgreement
ירדן					Jordan	الأردن	temp0370						fullAgreement
ים כנרת					Sea of Chinnereth	بحر طبرية	temp0371						fullAgreement
הירדן	הירדן	הירדן	הירדן	הירדן	Jordan		temp0372						AsherAdlerAgreement
					"Lake of
                        Chinnereth"		recogito-0e43503b-8832-4b98-a3dc-ff1835f56b8c						
					Jordan		temp0373						AdlerOnly
	ארץ הככר	ארץ הככר	ארץ הככר	ארץ הככר			temp0373b						
אשדות הפסגה	אשדות הפסגה	אשדות הפסגה	אשדות הפסגה	אשדות הפסגה	Ashdoth Hapisgah		temp0374			itin?geography		מקום	AsherAdlerAgreement
ים סדום	סדום	סדום	סדום	סדום	"Sea of
                        Sodom"	بحر الأسفلت	temp0375	#K1017	KIMA				fullAgreement
ים המלח	המלח	המלח	המלח	המלח	"Salt
                        Sea"	البحر المالح	temp0376	#K1017	KIMA				fullAgreement
טבריה	טבריה	טבריא	טבריה	טבריה	Tiberias	طبرية	temp0377	#K807	KIMA	itin			fullAgreement
חמי טבריה	טבריה	טבריא	טבריה	טבריה	Tiberias	الحمامات الحارة	temp0378						fullAgreement
כנסת					Synagogue of 	كنيس كالب	temp0379						fullAgreement
גליל התחתון					"Lower
                    Galilee"		temp0380						AsherAdlerAgreement
טימין	טימין	טימין	תימין	תיימין	Tymin	تبنين	temp0381			itin			fullAgreement
תמנתה	תמנתה	תמנתה	תמנתה	תמנתה	 Timnathah	تمنة	temp0382						fullAgreement
קבר							temp0383					קבר	AsherAdlerAgreement
עשת	לעשת	לגושה	לעשת			جوش	temp0384	#Q2912620	Wikidata	itin			HaddadAsherAgreement
גוש חלב	גוש חלב	גוש חלב	גוש חלב				temp0385	#Q2912620	Wikidata				AsherOnly
מרן	מרן	מרון	מרן	מדון	Medon		temp0386			itin			AsherAdlerAgreement
מרון	מרון	מרון	מירון	מדון	Meron	ميرون	temp0387	#K236	KIMA				fullAgreement
מערה					cave	غار	temp0388			?			fullAgreement
קברי						قبور	temp0389					קבר	HaddadAsherAgreement
קבר					sepulchres of 	قبر بنيامين بن يافث	temp0390					קבר	fullAgreement
				_		قبر يهوذا بن بثيرة	temp0391						fullAgreement
				_	Meron		temp0392	#K236	KIMA				AdlerOnly
עלמה	עלמה	#_	עלם	עלמה	Almah	علمة	temp0393	#K21705	KIMA	itin			fullAgreement
בית הקברות				_	cemetery	مقبرة	temp0394					בית קברות	fullAgreement
קאדיס	קאדיס	#_	קדים	קדס	Kades	قادس	temp0395			itin			AsherOnly
קדש נפתלי	קדש נפתלי	_	מקדש נפתלי	קדש נפתלי	"Kedesh
                        Naphtali,"		temp0396						AsherOnly
הירדן					Jordan	الأردن،	temp0397						AsherOnly
קבר					"sepulchres of
                        "	قبور الرابيين إلعازر بن عرخ	temp0398					קבר	fullAgreement
						إلعازر بن عزرية	temp0399						fullAgreement
						وحوني	temp0400						fullAgreement
							temp0401						AsherAdlerAgreement
						شمعون بن غمليال	temp0402						HaddadOnly
							temp0403						AsherAdlerAgreement
						يوسي الجليلي	temp0404						HaddadOnly
קבר					sepulchre of 	مرقد برق بن أبي نعم	temp0408					קבר	fullAgreement
בלינוס	בלינוס	#_	בלינוס	בניאס	Banias	بلنياس	temp0409			itin	עד הנה גבול ישראל		fullAgreement
דן	דן	_	דן	דן	Dan		temp0410						AsherAdlerAgreement
						بانياس	temp0411						HaddadOnly
מערה					cavern	الغار	temp0412						fullAgreement
הירדן					Jordan	الأردن	temp0413						fullAgreement
נחל ארנון					Arnon	نهر أرنون	temp0414				יורד מגבול מואב		fullAgreement
מואב					Moab	موآب	temp0415						fullAgreement
ישראל					land of Israel	مملكة بني إسرائيل	temp0416	#K2501	KIMA				fullAgreement
דמשק	דמשק	_	לדמשק	דמשק	Damascus	دمشق	temp0417	#K939	KIMA	itin	תחלת ממשלת נור אל דין מלך תוגרמים	עיר	fullAgreement
חרמון	חרמון	_	חרמון	חרמון	Mount Hermon	حرمون	temp0418	#K21726	KIMA	geography		עיר	fullAgreement
אמנה	אמנה	_	אמנה	אמנה	Amana	أبانة	temp0419	#Q765106	Wikidata				fullAgreement
פרפר	פרפר	_	פרפר	פרפר	Pharpar	فرفر	temp0420						fullAgreement
חרמון					Mount Hermon		temp0421	#K21726	KIMA				AsherAdlerAgreement
אמנה					Amana	أبانة	temp0422	#Q765106	Wikidata				fullAgreement
פרפר					Pharpar	فرفر	temp0423						fullAgreement
גומאע דמשק	גומאע דומשק	_	גומאע דומאסקו	גאמע דמשק	" Gami of
                        Damascus"	جامع دمشق	temp0424			citysite		כניסה	fullAgreement
ארמונת					" palace of
                            "	قصر ابن هدد	temp0425						fullAgreement
					"land of
                        Israel"	فلسطين	temp0426	#K2501	KIMA				HaddadAdlerAgreement
גלעד	גלעד	#_	גלעד	גלעיד	Galid	جلعد	temp0427			itin			fullAgreement
גלעד	גלעד	_	גלעד	גלעד	Gilead	جلعد	temp0428						fullAgreement
סלכאת	סלכאת	#_	סאלכהר	סלכת	Salkat	صرخد	temp0429			itin			fullAgreement
עיר סלכה	סלכה	_	סלכה	סלכה	Salchah	مدينة	temp0430						fullAgreement
בעל ביק	לבעל ביק	_	לבעל ביק		Baalbec	بعلبك	temp0431	#K10819	KIMA	itin			fullAgreement
בעלת	בעלת	_	בעלת	בעלות	Baalath		temp0432						AsherAdlerAgreement
בקעת הלבנון	בקעת		בקעת	בקעת	plains of Lebanon		temp0433	#K3976	KIMA				AsherAdlerAgreement
תדמור	תדמור	_	תדמור	תדמור	Tarmod 	تدمر	temp0434	#K12562	KIMA	ex?itin			fullAgreement
תדמור	תדמור	_	תדמור	תדמור	Tarmod		temp0435	#K12562	KIMA			עיר	AsherAdlerAgreement
בעלת	מבעלת	_	מבעל	מבעלות	Baalath	بعلبك	temp0436						fullAgreement
תדמור					Tarmod		temp0437	#K12562	KIMA				AsherAdlerAgreement
קריתין	קריתין	#_	קדירין	קריתין	Karjat[=e]n	القريتين	temp0438	#Q4703079	Wikidata	itin			HaddadAsherAgreement
	_	_	_		Baalbec		temp0439						AdlerOnly
קריתים	קריתים	_	קריתים	קריתים	Kirjathim		temp0440						fullAgreement
	_	_	_	חמצן	Emesa	حمص	temp0441						HaddadOnly
	_	_	_	עיר הצמרי		صمارايم	temp0441b						
חמה	חמה	#_	חמה	חמה	Hamah	حماة	temp0443	#K11554	KIMA	itin		עיר	fullAgreement
חמת	חמת	_	חמת	חמת	Hamath		temp0444	#K11554	KIMA				AsherAdlerAgreement
נהר יבוק	יבוק	_	יבוק	יבק	Jabbok	نهر يبوق	temp0445						fullAgreement
הר הלבנון					"Mount
                        Lebanon"	لبنان	temp0446	#K15821	KIMA			הר	fullAgreement
שיהא*)	שיהא	שיהה	שיהא	שיזא	Sheizar	شيزر	temp0447	#K23345	KIMA	itin			fullAgreement
חצור	חצור	חצור	חצור	חצור	Hazor		temp0448						AsherAdlerAgreement
למדין	למדין	לדמין	לממדית	דימין	Dimin 	لمدين	temp0449			itin			fullAgreement
חלב	חלב	חלב	חלב	חלב	Haleb 	حلب	temp0450	#K794	KIMA	itin		עיר מלוכה	fullAgreement
ארם צובה	צובה	צובה	צובה	צובה	Aram Zoba	أرم صوبة	temp0451	#K794	KIMA				fullAgreement
באליץ	באליץ	ביליץ	כליץ	כליץ	Balis	بالس	temp0452	#Q3634572	Wikidata	itin			fullAgreement
פתורה	פתורה	_	פתורה	פתורה	Pethor		temp0453						AsherAdlerAgreement
נהר פרת	פרת	פרת	פרת	פרת	Euphrates		temp0454	#K1412	KIMA				AsherAdlerAgreement
קלע גבר	קלע גבר	קלעה גבאר	קלע גבר	קלעת גברי	"Kalat
                        Jabar"	قلعة جعبر	temp0455	#Q1857888	Wikidata	itin			fullAgreement
סלע מדברה	סלע מדברה	סלע מדברה	סלע מדבר	סלע מדברה	Selah		temp0456						fullAgreement
רקיא	דקיא	זרקה	דקיא	ראקיה	Rakka	الرقة	temp0457	#K20273	KIMA	itin	בתחלת ארץ שנער החולקת בין מלכות התוגרמים וארץ שנער		fullAgreement
כלנה	כלנה	סלכה	בלנה	סלכה	Salchah	كلنة	temp0458						fullAgreement
שנער	שנער	שנער	שנער	שנער	Shinar	شنعار	temp0459	#Q1404297	Wikidata				fullAgreement
שנער	שנעשר		שנער	שנער			temp0460	#Q1404297	Wikidata				AsherOnly
כנסת מבנין						كنيسة	temp0461						fullAgreement
בבל					Babylon	بابل	temp0462	#U4					fullAgreement
ירושלם					Jerusalem	القدس	temp0463	#K691	KIMA				fullAgreement
חרן הקדמונה	חרן	חרן	חרן	חרן	Harr[=a]n	حران	temp0464			itin			fullAgreement
כנסת עזרא					synagogue	كنيسة قديمة يقال: إنها من بناء عزرا	temp0465						fullAgreement
ביתו של					house of 	بيت تارح	temp0466					בית	fullAgreement
		ראס אלעיין		ראס אל עין	Ras-el-Ain		temp0466b	#Q1023330	Wikidata				
אל כבור	אל כבור	_	אלככור	אל כביר	El Khabur	حابور	temp0467	#K4883	KIMA	itin?		נהר	AsherOnly
חבור	חבור	_	חבור	חבור	Habor	الخابور	temp0469	#K4883	KIMA			*נהר	HaddadAsherAgreement
מדי	מדי	_	מדי	מדי	Media	مادي	temp0472	#K22613	KIMA				fullAgreement
גוזן	גוזן	גוזן	גוזן	גוזן	Gozan	غوزان	temp0473					נהר	fullAgreement
נציבין	לנציבין	נציבין	_	_		نصيبين	temp0474	#K22186	KIMA	itin		עיר	HaddadAsherAgreement
גזיר בן עמר	גזיר' בן עמר	גזריאה אבאן עומר	גזיר בן עמר	גזירה אבן עמר	"Geziret
                        Ibn Omar"	جزيرة ابن عمر	temp0475	#K20455	KIMA	itin		מדינה	fullAgreement
חדקל	חדקל	חדקל	חדקל	חדקל	Hiddekel 	دجلة	temp0476	#K2273	KIMA				fullAgreement
הרי אררט	אררט	אררט	אררט	אררט	Ararat	أراراط،	temp0477					הרי	fullAgreement
כנסת עזרא הסופר					Synagogue	كنيسة لليهود من بناء عزرا	temp0478					כנסת	fullAgreement
גזירה	גזירה עמר בן אל כטאב	_	גזירה עמר בן אלחטב	גזירת עמר	"Geziret
                        Omar"	جزيرة	temp0479						fullAgreement
אל-מוצל	אל מוצל	אלמנטל	אלמוצל	למוצל	Mosul	الموصل	temp0480	#K6985	KIMA	itin	תחלת ארץ פרס	עיר	fullAgreement
אשור הגדולה	אשור	אשור	אשור	אשור	Assur	أشور الكبرى	temp0481						fullAgreement
דמשק	דמשק	דמשק	דמשק	דמשק	Damascus	الشام	temp0482	#K939	KIMA	biographic			fullAgreement
						الموصل	temp0483						HaddadOnly
פרס	פרס	פרס	פרס	פרס	Persia	العجم	temp0484	#K7639	KIMA	border			fullAgreement
נהר חדקל					Hiddekel 	نهر دجلة	temp0485	#K2273	KIMA				fullAgreement
נינוה	נינוה	ננוה	נינוה	ננוה	Nineveh	نينوى	temp0486	#K14078	KIMA				fullAgreement
					Nineveh		temp0487	#K14078	KIMA				AdlerOnly
נינוה						نينوى	temp0488	#K14078	KIMA				HaddadAsherAgreement
						دجلة	temp0489						HaddadOnly
ארבאל	אדבאל	אדבאל	אדבאל	אל באל	Irbil	إربل	temp0490	#K12037	KIMA	itin		עיר	fullAgreement
נינוה					Nineveh		temp0491	#K14078	KIMA			עיר (חרבה אבל יש שם כפרים וכרכים רבים)	AsherAdlerAgreement
חדקל					Hiddekel		temp0492	#K2273	KIMA				AsherAdlerAgreement
אשור					Assur 	الموصل	temp0493						fullAgreement
כנסת					synagogue of 	كنيسة عوبدية	temp0494			citysite		כנסת	fullAgreement
כנסת							temp0495					כנסת	AsherOnly
כנסת					synagogue of Nahum the Elkoshite	كنيسة ناحوم	temp0496					כנסת	fullAgreement
רחבה					Rahbah	الرحبة	temp0497	#Q1309261	Wikidata	itin		עיר	fullAgreement
רחובות	רחובות	לרחובות	רחובות			رحوبوث	temp0498						HaddadAsherAgreement
נהר פרת					Euphrates	الفرات	temp0499	#K1412	KIMA				fullAgreement
קרקסיא	קרקסיא	קרקסיאה	קרקיסיה	קרקסיה	Karkisiya	قرقيسياء	temp0500	#Q1092772	Wikidata	itin			fullAgreement
כרכמיש	כרמכיש	כרכמיש	כרכמיש	כרכמיש	Carchemish	كركميش	temp0501	#K6702	KIMA				fullAgreement
נהר פרת					Euphrates	الفرات	temp0502	#K1412	KIMA				fullAgreement
אל יובר	#אל יובר	#אלינבר	#אליובר	אלינכר	El-Anbar	الأنبار	temp0503	#K3373	KIMA	itin			fullAgreement
פום בדיתא	פום בדיתא	פומבדיתא	פום בדיתא	פום בדיתא	Pumbedita	فومبديثة	temp0504	#K3360	KIMA				fullAgreement
נהרדעא	נהרדעא		נהרדיעיה	נהרדעא	Nehardea	نهر دعة	temp0505	#K3373	KIMA				fullAgreement
קבר					graves of 	قبر الرابيان يهوذا	temp0506					קבר	fullAgreement
רבי שמואל						صموئيل	temp0507					קבר	fullAgreement
קברו של רבי בסתנאי						بستناي	temp0508					קבר	fullAgreement
							temp0509						AsherAdlerAgreement
							temp0510						AsherAdlerAgreement
חרדה	חרדה	חדדה	חרדה	חדרה	Hadara	حربى	temp0511			itin			fullAgreement
עוקברה	עיקברה	עוקבארה	עוקברה	עוקברה	Okbara	عكبرى	temp0512	#Q766309	Wikidata	itin		מדינה	fullAgreement
בגדאד	בגדאד	בגדידי	בגדד	בגדאד	Bagdad	بغداد	temp0513	#K662	KIMA	itin		עיר	fullAgreement
בגדאד	בגדאד	בגדיד	בגדד	בגדאד	Bagdad	بغداد	temp0514	#K662	KIMA	citysite			fullAgreement
חדקל	חדקל	חדקל	חדקל	חדקל	Hiddekel	حدقل	temp0515	#K2273	KIMA				fullAgreement
מיקה					Mecca	مكة	temp0516	#K647	KIMA				fullAgreement
אלימן					El-Yemen	اليمن	temp0517					ארץ	fullAgreement
						العرب	temp0518						HaddadOnly
ערב					Arabia		temp0519						fullAgreement
					Togarma		temp0520						AdlerOnly
							temp0521						HaddadAsherAgreement
מדי					Media	مادي	temp0522	#K7639	KIMA				fullAgreement
פרס					Persia	فارس	temp0523	#K22613	KIMA				fullAgreement
טובות					Tibet	التبت	temp0524	#Q17252	Wikidata				fullAgreement
					Ghuzz	الغز	temp0525						HaddadAdlerAgreement
					Samarkand		temp0526	#K635	KIMA				AdlerOnly
בית התפלה שהיא בשער בוצרה	בוצרה	בצרה	בוצרה	בצרה	Basrah Gate	المسجد الجامع للمسلمين في باب البصرة	temp0527					בית תפילה, שער	fullAgreement
שפת נהר חדקל	חדקל	חדקל	חדקל	חדקל	Hiddekel	دجلة	temp0528	#K2273	KIMA				fullAgreement
					Euphrates		recogito-3f496a93-a20f-46f6-a45c-9bf470945b12	#K1412	KIMA				
דאר אל מראפתאן	דאר אל מראפתאן	דאר אלמסתן	דר אלמרפטאן	דאר אל מרסתאן	Dar-al-Maristan		temp0529			citysite		ארמון	AsherAdlerAgreement
בגדאד		_	_		Bagdad	بغداد	temp0530	#K662	KIMA				fullAgreement
בגדאד	בגדאד	באגדיד	בגדד	בגדאד	Bagdad	الترك	temp0531	#K662	KIMA				AsherAdlerAgreement
				_	Judah 		temp0532						AdlerOnly
					Shiloh		temp0533	#Q985542	Wikidata				AdlerOnly
שנער	שנער	שנער	שנער	שנער	Shinar	شنعار	temp0534	#Q1404297	Wikidata				fullAgreement
פרס	פרס	פרס	פרס	פרס	Persia		temp0535	#K7639	KIMA				AsherAdlerAgreement
כרסאן	כרסאן	פרסאין	קרסאן	כראסאן	Khurasan	خراسان	temp0536						fullAgreement
שבא	שבא	שבא	שבא	שבא	Sheba	سبأ	temp0537						fullAgreement
אלימן	אלימן	אלמאן	אלימאן	אל ימן	El-Yemen		temp0538						AsherAdlerAgreement
דיאר ביך	דיארביך	דיר ביך	דיארביך	די אר כלך	"Diyar
                        Kalach "		temp0539						AsherAdlerAgreement
ארם נהרים	ארם נהרים	נהרים	ארם נהרים	ארם נהרים	Aram Naharaim	بلاد ما بين النهرين	temp0540					ארץ	fullAgreement
קוט	קוט	קריט	קוט				temp0541					ארץ	AsherOnly
הרי אררט	אררט	אררט	אררט	אררט	Ararat	جبال أراراط	temp0542					הרי	fullAgreement
אלניה	אלניה	אלניה	אלינייא	אל ניה	land of the Alans	اللان	temp0543						fullAgreement
שערי ברזל שעשה					"iron
                    gates which "		temp0544					שער	AsherAdlerAgreement
סיכביא	סיכריא	סכריה	סיבריא	סיביריה	Siberia	سبيرية	temp0545						fullAgreement
התוגרמים					land of the Togarmim	التوغرميم	temp0546						fullAgreement
אסנה	אסנה	אסור	אסנה	אסוה	Asveh		temp0547						AsherAdlerAgreement
גרגיין	גרגנין	גורגרין	גרגנין	גורנן	Gurgan	كرجستان	temp0548					ארץ	fullAgreement
גיחון	גיחון	גיחון	גיחון	גיחון	Gihon	نهر جيحون	temp0549					נהר	fullAgreement
					Samarkand	سمرقند	temp0550	#K635	KIMA				AdlerOnly
טובות					Tibet	الطيبات	temp0552	#Q17252	Wikidata				fullAgreement
הודו	הודו	הודו	הודו	הודו	India	الهند	temp0553						fullAgreement
בבל					Babylon	بابل	temp0554	#U4					fullAgreement
בגדאד	בגדאד	באגדיד	בגדד	בגדאד	Bagdad	بغداد	temp0555	#K662	KIMA	cityDesc		עיר	
בגדאד	בגדאד	באגדיד	בגדד	בגדאד		الرصافة	temp0556	#K662	KIMA			מדינה	HaddadAsherAgreement
אל כרך	אל פרך	אלכרך	אלפרך	אל כרך	Al-Karkh	الكرخ	temp0557						fullAgreement
חדקל					Tigris	حدقل	temp0558	#K2273	KIMA			נהר	fullAgreement
בגדאד	בגדאד	באגדיד	בגדד	בגדאד	Bagdad	بغداد	temp0559	#K662	KIMA	cityDesc		עיר	fullAgreement
שנער				_	Shinar	العراق	temp0560	#Q1404297	Wikidata			ארץ	fullAgreement
גהיאגן	גהיאגן	גזניאן	גאייגאת	גזיגן	Gazigan	جاهيجان	temp0561			itin		*עיר	fullAgreement
רסן	רסן	רסן	רסן	רסן	Resen	رسن	temp0562					עיר	fullAgreement
כנסת גדולה ושם קבור* בבית סמוך					Synagogue	غار	temp0563					כנסת, בית, מערה, קבר	fullAgreement
בבל	בבל	באיבל	בבל	בבט	Babylon	بابل	temp0564	#Q5684	Wikidata	itin+idf		עיר	fullAgreement
בבל	בבל	בבל	בבל	בבל	Babel	بابل	temp0564b						
ארמון					palace of Nebuchadnezzar	قصر بخت نصر	temp0565						fullAgreement
עליית דניאל						كنيس	temp0566						HaddadAsherAgreement
ארמון					"Palace of
                        Nebuchadnezzar"	قصر بخت نصر	temp0567						fullAgreement
חילה	חילה	חילה	חילה	חילה	Hillah	الحلة	temp0568	#K18484	KIMA	itin			fullAgreement
רבי מאיר			_			كنيسة الرابي مئير	temp0569					קבר	fullAgreement
רב זעירי בר חמא						الرابي زعيري بار حامة	temp0570					קבר	HaddadAsherAgreement
רב מאירי							temp0571					קבר	AsherOnly
מגדל שבנו דור הפלגה					Tower of Babel	برس نمرود	temp0572			itin			fullAgreement
נפח	נפח	כפר נחום	נפח	כפרי	Kaphri	نفاحة	temp0573			itin			fullAgreement
כנסת					"Synagogue of
                        Ezekiel"	مرقد حزقيال	temp0574			itin			fullAgreement
נהר פרת					Euphrates	الفرات	temp0575	#K1412	KIMA				fullAgreement
קברו של					sepulchre of 	مرقد النبي حزقيال بن بوزي الكاهن	temp0576	#Q2903334	Wikidata			קבר	fullAgreement
נהר כבר	כבר	כיכר	כבר	כבר	river Chebar	فرع من الفرات يدعى كيبار	temp0577						fullAgreement
	_	פרת	_	פרת	Euphrates		temp577a	#K1412	KIMA				
בגדאד	מבגדאד	מבאגדיד	מבגדד	מבגדאד	Bagdad		temp0578	#K662	KIMA				AsherAdlerAgreement
קברו של יחזקאל	_	_	_		sepulchre of 		temp0579					קבר	AsherAdlerAgreement
פרס	_	_	_		Persia		temp0580	#K7639	KIMA				AsherAdlerAgreement
מדי	_	_	_		Media		temp0581	#K22613	KIMA				AsherAdlerAgreement
	_	_	_		"Synagogue of
                        Ezekiel"		recogito-81aa46d7-0d4d-4545-ab25-5f1376465f24						
	_	_	_		Synagogue		temp0582						AdlerOnly
	_	_	_		Synagogue of Ezekiel		temp0583						AdlerOnly
דר מליחא	_	_	_		Bar 		temp0584						AsherAdlerAgreement
קברי	_	_	_		"sepulchres of Hananiah, Mishael, and
                        Azariah"	قبور حننية، ميشائيل وعزرية	temp0585			itin		קבר	fullAgreement
אל קוצונאת	אל קוצונאת	אלקוצואנת	_	קוצונאת	Kotsonath	القوسنات	temp0586			itin		עיר	fullAgreement
קבר					epulchres of 	بابة	temp0587					קבר	fullAgreement
רב הונא						هناء	temp0588					קבר	fullAgreement
רבי יוסף סיני						سيناء	temp0589					קבר	fullAgreement
						يوسف	temp0590						HaddadAsherAgreement
עין שפתה	שפתה	שפתה	שפתה	שפתה	"Ain
                        Siptha"	عين شفاثة	temp0591			itin			fullAgreement
קבר נחום האלקושי					sepulchre of the prophet 	قبر النبي ناحوم الألقوشي عليه السلام	temp0592					קבר	fullAgreement
לפרס	לפרס	אלקדם	לפראס	אלנרס	Kefar Al-Keram	كفر الكرم El -Karm	temp0593			itin			fullAgreement
קבר					sepulchres of 	حسداي	temp0594					קבר	fullAgreement
רבי עקיבה						عقيبة	temp0595					קבר	fullAgreement
רבי דוסא						دوسة	temp0596					קבר	fullAgreement
כפר מהמדבר					village in the desert		temp0597			itin			AsherAdlerAgreement
[קבר]							temp0598					קבר	AsherAdlerAgreement
						داود	temp0599						HaddadOnly
רבי יהודה						يهوذا	temp0600					קבר	fullAgreement
						أبايي	temp0601						HaddadOnly
						كردية	temp0602						HaddadOnly
רבי קובריה							temp0603					קבר	AsherAdlerAgreement
רבי סחורא						سحورة	temp0604					קבר	fullAgreement
						إدة	temp0605						HaddadOnly
רבי אבא					>		temp0606					קבר	AsherAdlerAgreement
נהר ליגא	ליגא	דגה	ליגא	רגא	Raga	نهر ريجة	temp0607			itin			fullAgreement
קברו של צדקיהו המלך					"sepulchre
                    of King Zedekiah"	قبر صدقية ملك يهوذا	temp0608					קבר	fullAgreement
קופה	קופה	קופה	קופא	קופה	Kufa	الكوفة	temp0609	#Q186234	Wikidata	itin		עיר	fullAgreement
קברו של					sepulchre of King 	قبر يكنية ملك يهوذا	temp0610					קבר	fullAgreement
סוריא	סוריא	סורא	סוריאה	סורא	Sura	سورا	temp0611	#Q4446399	Wikidata	itin			fullAgreement
מתא מחסיא	מתא מחסיא	מתא מסיא	מתא מחסיא	מתא מחסיה	Mata Mehasya	مثامحسية	temp0612						fullAgreement
[קבר]					sepulchre of 	قبور الصالحين قبر الغاؤون الرابي شريرا	temp0613					קבר	fullAgreement
רבינו האיי						الرابي هاي	temp0614					קבר	fullAgreement
רבינו סעדיה אל פיומי						قبر الغاؤون	temp0615					קבר	fullAgreement
רב שמואל בן חפני הכהן					"
                    the son of "	صموئيل بن حفني الكاهن	temp0616					קבר	fullAgreement
צפניהו בן כושי בן גדליה הנביא					"
                    the son of Cushi the son of "	صفنية بن كوشي بن النبي جدلية	temp0617					קבר	fullAgreement
שפיתיב	שפיתיב	שפתיב	ספיתיב	שפיתיב	Shafjathib	شفياثيب	temp0618			itin			fullAgreement
ירושלם					Jerusalem	القدس	temp0619	#K691	KIMA				fullAgreement
שפיתיב	שפיתיב	שפת	ספיתיב	שפיתיב	Shafjathib	اليمن	temp0620						
נהרדעא	נהרדע'	נהרדעה	נהרדעא	נהרדעא	Nehardea	اليمن	temp0621	#K3373	KIMA				
אילגבר	אילנבר	#_	אלכיבר	אלינבר	El-Anbar	شنعار	temp0622						fullAgreement
							temp0623						AsherAdlerAgreement
							temp0624			itin			AsherAdlerAgreement
	פום בדיתא	_	פום בדיתא	פום בדיתא	Pumbedita		temp0625						AsherAdlerAgreement
					Nehardea		temp0626	#K3373	KIMA				AdlerOnly
פרת					Euphrates		temp0627	#K1412	KIMA				AsherAdlerAgreement
כנסת					Synagogue of 		temp0628						AsherAdlerAgreement
					Hillah		temp0629						AdlerOnly
מדבר ארץ שבא	שבא	שבא	שבא	שבא	Saba		temp0630			itin			AsherAdlerAgreement
	אלימן	אלימן	אלימן	אלימן	El-Yemen		temp0631						AsherAdlerAgreement
שנער	שנער	שנער	שנער	שנער	Shinar		temp0632	#Q1404297	Wikidata				AsherAdlerAgreement
תימא	תימא	תימא	תימא	תימא	Teima	تيماء	temp0633	#K16471	KIMA				fullAgreement
תימא	תימא	תימא	תימא	תימא	Teima	تيماء	temp0634	#K16471	KIMA				AsherAdlerAgreement
	_	שנער	_	שנער	Shinar		temp0635						AdlerOnly
אלימן	אלימן	אלימן	אלימן	אל ימן	El-Yemen	اليمن	temp0637					ארץ	fullAgreement
ירושלם					Jerusalem		temp0638	#K691	KIMA				AsherAdlerAgreement
תימא	תימא	תימא	תימא	תימא	Teima		temp0639	#K16471	KIMA				AsherAdlerAgreement
טילמאס	טילימאס	מזילמס	תילימאס	טילמס	Tilmas		temp0640	#K11251	KIMA				AsherAdlerAgreement
							temp0640b	#K662	KIMA				
תנאים					Tanai		temp0641						AsherAdlerAgreement
					Tanai		temp0642						AdlerOnly
ארמון הנשיא					"palace of
                        the Nasi called Salmon"	قصر الرئيس سليمان	temp0643					ארמון	fullAgreement
	_	תימא	_	תימא	Teima		temp0644	#K16471	KIMA				AdlerOnly
טילמאס	טילמאס	טלמס	תלמאס	טילמס	Tilmas	تلماس	temp0645	#K11251	KIMA	cityDesc		עיר	fullAgreement
טילמאס	מטילמאס	_	מטילמאס	מטילמס	Tilmas		temp0645b	#K11251	KIMA				
כיבר	כיבר	#בצר	חובר	כיכר	Kheibar	خيبر	temp0646	#K17130	KIMA	itin		עיר	fullAgreement
	כיבר	כיבר	חובר	כיכר		خيبر	temp0647						HaddadOnly
כיבר	כיבר	כיבר	חובר	כיכר	Kheibar	خيبر	temp0648	#K17130	KIMA		עורי מלחמה עם בני שנער וארץ צפון וארץ אלימן הקרובים אליהם שהיא תחלת ארץ הודו		AsherAdlerAgreement
שנער	שנער	שנער	שנער	שנער	Shinar	شنعار	temp0650	#Q1404297	Wikidata				fullAgreement
אלימן	אלימן	אלימן	אלימן	אל ימן	El-Yemen	اليمن	temp0651					ארץ	fullAgreement
הודו	הודו	הודו	הודו	הודו	India	الهند	temp0652						fullAgreement
ויראה	ויראה	ידא	ווירא	יראי	Virae	فيرا	temp0653						fullAgreement
אלימן	אלימן	אלימן	אלימן	אל ימן	El-Yemen	اليمن	temp0654			itin?		ארץ	fullAgreement
נאסט	נאסט	לוסים	נאסטא			واسط	temp0656			itin			HaddadAsherAgreement
בוצרה	בוצרה	בוצרה	בוצרה	בצרה	Basra 	البصرة	temp0657	#K9541	KIMA	itin			HaddadAsherAgreement
נהר חדקל					Tigris	دجلة	temp0658	#K2273	KIMA				fullAgreement
נהר סמורה	סמורה	סמרכה	סמורא	סמרה	Samara	نهر سمره	temp0659			itin	תחלת ארץ פרס		fullAgreement
פרס					Persia	العجم	temp0660	#K7639	KIMA				fullAgreement
קברו של עזרא הסופר					sepulchre of Ezra	قبر عزرا الكاهن	temp0661					קבר	fullAgreement
ירושלם					Jerusalem	القدس	temp0662	#K691	KIMA				fullAgreement
כוזסתאן	כוזסתאן	סרתאן	חוזסטאן	בזוזתאן	Khuzistan	خوزستان	temp0663	#Q102163938	Wikidata	itin		*מדינה	fullAgreement
עילם	עילם	עילם	עילם	עילם	Elam	عيلام	temp0664					מדינה	fullAgreement
שושן הבירה	שושן	שושן	שושן	שושן	Shushan	شوشان	temp0665	#K2448	KIMA			בירה+ארמון	fullAgreement
ארמון המלך					palace of King Ahasuerus	بقايا قصر أحشويروش	temp0666					ארמון	fullAgreement
							temp0666b						
קברו של					sepulchre of 	قبر النبي دانيال	temp0667			citysite		קבר	fullAgreement
נהר חדקל					Tigris	حدقل	temp0668	#K2273	KIMA				fullAgreement
פרס					Persia	الفرس	temp0669	#K7639	KIMA				fullAgreement
שער נהר סמורה	סומרה	סמכה	סומרא	סמרה	river Samara	شواطئ نهر سمرة	temp0670					שער	fullAgreement
סמרכנת	סמרכות	סמרכלת	סמרכוד	סמרכנת	Samarkand	سمرقند	temp0671	#K635	KIMA				fullAgreement
נהר גוזן				_	Gozan	نهر غوزان	temp0672						fullAgreement
ניסבור	גיסבור	_	גיסבור			نيسابور	temp0673	#K11790	KIMA				HaddadAsherAgreement
גוזן							temp0674					נהר	AsherOnly
מדי					Media	مادي	temp0675	#K22613	KIMA				fullAgreement
חפתון	חפתון	_	חפרון	חפטון	Chafton		temp0676					הרי	fullAgreement
טובות					Tibet	التبت	temp0677	#Q17252	Wikidata				fullAgreement
					Persia	العجم	temp0678	#K7639	KIMA				HaddadAdlerAgreement
						شوشان	temp0679						HaddadOnly
רובדבר	רובדבר	כובר	דוברבר	רודבר	Rudbar	رودبار	temp0680	#Q766927	Wikidata	itin			fullAgreement
נהר ואנת	נהר ואנת	נהר רואות	נהר וואנטו	נהר ואנת	Nihawand	نهاوند	temp0681	#K17899	KIMA	itin		נהר	fullAgreement
מולחאת	מולחאת	מולחת	מולחאת	מולחאת	Mulahid	أرض الملاحدة	temp0682			itin			fullAgreement
					Persia		temp0683	#K7639	KIMA				AdlerOnly
בבל					Babylon	بغداد	temp0684	#U4					fullAgreement
עמריה	עאריה	עמיראה	פריא	עמאריה	Amadia	العمادية	temp0685	#K6933	KIMA	itin	תחלת הקהלות הדרים בהרי חפתון, תחלת ארץ מדי		fullAgreement
חפתון	חפתון	חפניון	חפרון	חפטון	Chafton	خفتيان	temp0686					הרי	fullAgreement
מדי					Media	مادي	temp0687	#K22613	KIMA				fullAgreement
עמאריה	עמאריה	עמיראה	עמריה	עמאריה	Amadia	العمادية	temp0688	#K6933	KIMA			מדינת	fullAgreement
	_	גולן	_	גילן	Gilan		recogito-477061b7-e2ef-4baa-91e6-930b1cbedf0d						
פרס					Persia	العجم	temp0689	#K7639	KIMA				fullAgreement
					Persia		temp0690	#K7639	KIMA				AdlerOnly
עמאריה	עמאריה	עמיראה	עמריה	עמאריה	Amadia	العمادية	temp0691	#K6933	KIMA	biographic		עיר	fullAgreement
בגדאד	בגדאד	באגדיד	בגדד	בגדאד	Bagdad	بغداد	temp0692	#K662	KIMA			מדינת	fullAgreement
פרס					Persia	العجم	temp0693	#K7639	KIMA				fullAgreement
חפתון	חפתון	חפטון	חפרון	חפטון	Chafton	حبتون	temp0694					הרי	fullAgreement
ירושלם	ירושלם	ירושלם	ירושלם	ירושלם	Jerusalem	أورشليم	temp0695	#K691	KIMA				fullAgreement
ירושלם					Jerusalem		temp0696	#K691	KIMA				AsherAdlerAgreement
פרס					Persia	العجم	temp0697	#K7639	KIMA				fullAgreement
דברסתאן	דבסתאן	דבר זרתאן	דווסטאן	דברזתאן	Tabaristan	طبرستان	temp0698	#Q709175	Wikidata			עיר	fullAgreement
גוזן	גוזן	גוזן	גוזן	גוזן	Gozan	قيزيل أوزون	temp0699					נהר	fullAgreement
עמאריה	אל עמראיה	אלפמוראה	אלעמריה	עמאריה	Amadia	العمادية	temp0700	#K6933	KIMA				fullAgreement
פרס					Persia	العجم	temp0701	#K7639	KIMA				fullAgreement
בגדאד	בגדאד	באגדד	בגדד	בגדאד	Bagdad	بغداد	temp0702	#K662	KIMA				fullAgreement
	גדאד		בגדד	_		بغداد	temp0703						HaddadOnly
פרס		_			Persia	العجم	temp0704	#K7639	KIMA				fullAgreement
					Assur		temp0705						AdlerOnly
בגדאד						بغداد	temp0706	#K662	KIMA				HaddadAsherAgreement
					Persia	العجم	temp0707	#K7639	KIMA				HaddadAdlerAgreement
פרס					Persia	العجم	temp0708	#K7639	KIMA				fullAgreement
הר					mountain		temp0709					הר	AsherAdlerAgreement
פרס						العجم	temp0710	#K7639	KIMA				HaddadAsherAgreement
						العجم	temp0711						HaddadOnly
חמדן	חמדן	מדן	חמדן	חמרן	Hamadan	همذان	temp0712	#Q28587	Wikidata	itin			fullAgreement
מדי	מדי	מדי	מדי	מדי	Media	مادي	temp0713	#K22613	KIMA				fullAgreement
דברזתאן	דברזתאן	דבראתאן	דברזניאת		Tabaristan	طبرستان	temp0714	#Q709175	Wikidata	itin			fullAgreement
גוזן					Gozan	غوزان	temp0715					נהר	fullAgreement
אסבהאן	אסבהאן	אספראן	אצבהן	אספקאן	Ispahan	أصبهان	temp0716	#K340	KIMA	itin		עיר	fullAgreement
פרס					Persia	العجم	temp0717	#K7639	KIMA				fullAgreement
שיראז	שיאפז	שיריאין	ספיץ	שיראד	Shiraz	شيراز	temp0718	#K8061	KIMA	itin		מדינה*	fullAgreement
פרס המדינה	פרס	פרס	פרס	פרס	Fars	مدينة فارس	temp0719					מדינה	fullAgreement
גיבה	גינה	נזבה	גינה	גזנה	Ghaznah	خيوة	temp0720	#K12743	KIMA	itin		עיר	fullAgreement
גוזן					Gozan	غوزان	temp0721						fullAgreement
סמרכנת	סמרכנת	סמרכנת	סמרקאנטו	סמרכות	Samarkand	سمرقند	temp0722	#K635	KIMA	itin	אשר בקצה המלכות	עיר	fullAgreement
					Persia		temp0722b	#K7639	KIMA				
טובות	טובות	תעבת	טובות	טובות	Tibet	بلاد التبت	temp0723	#Q17252	Wikidata	itin		מדינה	fullAgreement
כסבין	ניסבון	ניסנור	נסבון	ניסבור	Naisabur	نيسابور	temp0724	*		itin		הרי	AsherAdlerAgreement
גוזן					Gozan	غوزان	temp0726					נהר	fullAgreement
					Assyria	أشور	temp0727						HaddadAdlerAgreement
פרס					Persia		temp0728	#K7639	KIMA			ארץ	AsherAdlerAgreement
ניסבור	ניסבור	ניסנור	נסבור	ניסבור	Naisabur		temp0729	#K11790	KIMA			ערי?הרי?-ניסבור	AsherAdlerAgreement
לחלח	לחלח	לחלח	חלח	חלח	Halah		temp0730						AsherAdlerAgreement
חבור	חבור	חבור	חבור	חבור	Habor		temp0731						AsherAdlerAgreement
הרי גוזן					Gozan		temp0732					הרי	AsherAdlerAgreement
הרי מדי					Medes		temp0733					הרי	AsherAdlerAgreement
גוזן					Gozan	غوزان	temp0734					נהר	fullAgreement
כות	כוש	כוש	כוש	כוש	Cush	الكاشيين	temp0735	#K6924	KIMA			ארץ	fullAgreement
פרס					Persia	العجم	temp0736	#K7639	KIMA	history			fullAgreement
ראי	ראי	רואי	ריי	ראי	Rayy		temp0737	#K19286	KIMA			מדינת	fullAgreement
פרס					Persia	العجم	temp0738	#K7639	KIMA				fullAgreement
פרס					Persia	العجم	temp0739	#K7639	KIMA				fullAgreement
ניסבור	ניספור	ניסבור	נסבור	ניסבור	Naisabur	نيسابور	temp0740	#K11790	KIMA				fullAgreement
גוזן					Gozan	غوزان	temp0741					נהר	fullAgreement
פרס					Persia		temp0742	#K7639	KIMA				AsherAdlerAgreement
פרס					Persia	العجم	temp0743	#K7639	KIMA				fullAgreement
פרס						العجم	temp0744	#K7639	KIMA				HaddadAsherAgreement
פרס						العجم	temp0745	#K7639	KIMA				HaddadAsherAgreement
						العجم	temp0746						HaddadOnly
						العجم	temp0747						HaddadOnly
פרס					Persia	العجم	temp0748	#K7639	KIMA	king of			fullAgreement
					Persia	العجم	temp0749	#K7639	KIMA				HaddadAdlerAgreement
פרס							temp0750	#K7639	KIMA				AsherOnly
פרס					Persia		temp0751	#K7639	KIMA	king of			AsherAdlerAgreement
פרס					Persia	العجم	temp0752	#K7639	KIMA				fullAgreement
אספהאן	אספהן	_	אספיהאן	אספהאן	Ispahan	أصبهان	temp0753	#K340	KIMA				fullAgreement
כוזסתאן	כוזסתאן	_	כוזסטאן	כזוזתאן	Khuzistan	خوزستان	temp0754			itin			fullAgreement
חדקל	חדקל	_	חדקל	חדקל	Tigris	دجلة	temp0755	#K2273	KIMA				fullAgreement
ים הודו	הודו	הודו	הודו	הודו	Indian Ocean	بحر الهند	temp0756			itin			fullAgreement
קיש	נקרוקיש	קיש	נקרוקים	קיש	Kish	قيس	temp0757	#Q221883	Wikidata				fullAgreement
הודו					India		temp0758						AsherAdlerAgreement
שנער					Shinar		temp0759	#Q1404297	Wikidata	commerce			AsherAdlerAgreement
אלימן					Yemen		temp0760			commerce			AsherAdlerAgreement
פרס					Persia		temp0761	#K7639	KIMA	commerce			AsherAdlerAgreement
הודו					India		temp0762			commerce			AsherAdlerAgreement
קתיפה	קתיפה	קריפה	קטיפה	קתיפה	Katifa	القطيف	temp0763	#K19892	KIMA	itin			fullAgreement
חאולם	האולם	קולאם	ריבלאס	קאולם	Khulam	خولام	temp0764	#Q321475	Wikidata	itin	תחלת מלכות עובדי השמש והם בני כוש	?עיר	fullAgreement
כנדג					Ibrig	كندي	temp0765			itin			fullAgreement
אל צין					Zin 	الصين	temp0766			itin			fullAgreement
	אל צין	ציון	אלצינה	ציון	Zin		temp0767						AdlerOnly
ים הנקפא					Sea of Nikpa 	البحر المتجمد	temp0768						fullAgreement
ים הנקפא					Sea of Nikpa	البحر المتجمد	temp0769						fullAgreement
ים הנקפא					Sea of Nikpa		temp0770						AsherAdlerAgreement
גינגלה	גינגלה	לגינילה	לאלגיבגילה	גנגלה	Al-Gingaleh	بنغالة	temp0771			itin			fullAgreement
כולן				_	Chulan	خولان	temp0772						fullAgreement
זביד	זביד	זביד	זוית	זביד	Zebid	زبيد	temp0773	#K11566	KIMA	itin			fullAgreement
הודו	הודו	הודו	הודו	הודו	India	الهند البرية	temp0774			itin			fullAgreement
בעדן	בעדאן	מעדן	בערזכן	אעראן	Aden	عدن	temp0775	#U22					fullAgreement
עדן אשר בתלסר	עדן אשר בתלסר	עדן אשר בתלסר	עדן אשר בטאלאסר	עדן אשר בתלסר	Eden which is in Thelasar	تلسار	temp0776						fullAgreement
נוביא	לוביא	לוביא	לוביא	לוביא	Lybia		temp0777						AsherAdlerAgreement
נוביא	לוביא	טוביה	לוביאה	לוביא	Lybia	النوبة	temp0778						fullAgreement
עדאן	עדאן	_	עדאן	עדן	Aden		temp0779	#K11337	KIMA				AsherAdlerAgreement
פרס					Persia	العجم	temp0780	#K7639	KIMA				fullAgreement
מצרים					Egypt	مصر	temp0781	#K8046	KIMA				fullAgreement
אסואן	אסואן	_	אוסואן	אסואן	Assuan	أسوان	temp0782	#K12030	KIMA	itin			fullAgreement
שבא	שבא	_	שבא	סבא	Seba		temp0783						fullAgreement
פישון	פישון	_	פישון	פישון	Pishon 	فيشون	temp0784						AsherAdlerAgreement
						النيل	temp0785						
כוש					Cush		temp0786	#K6924	KIMA				AsherAdlerAgreement
אל חבש	אל חבש		אלכחכם	אל חבשה			temp0786b	#K6924	KIMA				
פישון					Nile	النيل	temp0787	#Q3392	Wikidata				fullAgreement
אסואן	אסואן	_	אסובאן	אסואן	Assuan	أسوان	temp0788	#K12030	KIMA				fullAgreement
מצרים					Egypt	مصر	temp0789	#K8046	KIMA				fullAgreement
אסואן	מאסואן	מאסואן	מאסואן	מאסואן	Assuan	أسوان	temp0790	#K12030	KIMA	itin			fullAgreement
חלואן	חלאון	חלואן	חלאין	חלואן	Heluan	حلوان	temp0791	#K15135	KIMA				fullAgreement
אל צחרא	אלצחרא	אלצרורה	אל צחרה	אל צחרא	Sahara	الصحراء	temp0792	#K2019	KIMA				fullAgreement
זוילא	זוילא	_	זויילה	זוילה	Zawilah	الزويلة	temp0793	#Q3663184	Wikidata			מדינת	fullAgreement
חוילה	חוילה	חוילה	חוילה	חבילה	Havilah	حويلة	temp0794					*מדינה	fullAgreement
גאנה	גאנה	גאנה	גנא	גאנה	Gana	غانة	temp0795					ארץ	fullAgreement
ארץ כוש	כוש	כוש	כוש	כוש	Cush	كوش	temp0796	#K6924	KIMA			ארץ	fullAgreement
אלחבש	אלחבש	אלחבש	אל חכם	אל חבש	Habash	الحبش	temp0797						fullAgreement
חלואן	מחלואן	מחליאן	מחלואן	מחלואן	Heluan	حلوان	temp0798	#K15135	KIMA	itin			fullAgreement
קוץ	קץ	קרן	סוף	קוץ	Kutz	قوص	temp0799	#Q1816589	Wikidata		היא ראש תחלת מצרים	מדינה	fullAgreement
					K[=u]s		temp0800						AdlerOnly
מצרים					Egypt		temp0801	#K8046	KIMA				AsherAdlerAgreement
	_	כוש		כוש	Kutz		temp0802						AdlerOnly
			_	_		قوص	temp0803						HaddadOnly
פיום	עהפיום	פיום	פייום	פיום	Fayum	الفيوم	temp0804	#K12725	KIMA	itin			fullAgreement
פיתום	פיתוס	פתאם	פיתום	פיתום	Pithom	فيثوم	temp0805	#K22877	KIMA				fullAgreement
מצרים					Mizraim	مصر	temp0806						fullAgreement
					Mizraim		temp0807						AdlerOnly
נילוס	נילוס	נילוס	נילוס	נילוס	Nile	نيلوس	temp0808	#Q3392	Wikidata				fullAgreement
	_	פישון	_	פישון	Pison		temp0809						AdlerOnly
אל ניל	אלניל	אלגיל	אלניל	אל ניל	Al-Nil	النيل	temp0810	#Q3392	Wikidata				fullAgreement
ארץ					land of Israel	فلسطين	temp0811	#K2501	KIMA			ארץ	fullAgreement
כניסיה אל שאמיין	שאמיין	אלשמיין	אל שמים	אל שאמיין	Kenisat-al-Schamiyyin		temp0812						AsherAdlerAgreement
בבל					Babylon	بابل	temp0813	#U4					fullAgreement
					land of Israel		temp0814	#K2501	KIMA				AdlerOnly
					Babylon		temp0815						AdlerOnly
כניסיה אל עראקיין	אל עיראקיין	אלערקין	עיר חבאינו	אל עראקיין	Kenisat-al-Irakiyyin		temp0816						AsherAdlerAgreement
בבל					Babylon	العراق	temp0817	#U4					fullAgreement
ספרד				_	Spain	الأندلس	temp0818	#K6471	KIMA				fullAgreement
ארץ ישראל					Palestine	فلسطين	temp0819	#K2501	KIMA			ארץ	fullAgreement
					Egypt	مصر	temp0820	#K8046	KIMA				HaddadAdlerAgreement
ארמון צוען מצרים					"palace of Zoan
                        el-Medina"	قلعة	temp0821			citysite		ארמון	fullAgreement
בגדאד	בגדאד	בגדאד	בגדד	בגדאד	Bagdad	بغداد	temp0822	#K662	KIMA				fullAgreement
צוען מצרים	צוען	צוען	צוען מצרים	צוען	Zoan	صوعن	temp0823					מדינה	fullAgreement
נילוס	נילוס	נילוס	נילוס	נילוס	Nile	النيل	temp0824	#Q3392	Wikidata			נהר	fullAgreement
צוען	צוען	צוען	צוען	צוען	Zoan	صوعن	temp0825			cityDesc		עיר	fullAgreement
	מצרים	מצרים	מצרים	מצרים	Mizraim		temp0825a						
היאור	היאור	היאור	היאור	היאור	Nile	النيل	temp0826	#Q3392	Wikidata			יאור	fullAgreement
עמוד של שיש					"pillar of
                        marble"	عمود من رخام	temp0827						fullAgreement
היאור					Nile	النيل	temp0828	#Q3392	Wikidata			יאור	fullAgreement
מצרים							temp0829	#K8046	KIMA				AsherAdlerAgreement
צוען	צוען	צוען	צוען	צוען	Zoan		temp0830						AsherOnly
מצרים	מצרים	מצרים	מצרים	מצרים	Mizraim		temp0831						AsherOnly
מצרים					Egypt		temp0832	#K8046	KIMA				AsherAdlerAgreement
					Nile		temp0833						AdlerOnly
							temp0834						AdlerOnly
							temp0835						AdlerOnly
יאור					Nile	النيل	temp0836	#Q3392	Wikidata			יאור	fullAgreement
היאור					Nile	النيل	temp0837	#Q3392	Wikidata			יאור	fullAgreement
מצרים							temp0838	#K8046	KIMA				AsherOnly
אל חבש	אלחבש	_	אלחכים	אל חבש	Al-Habash 	كوش	temp0839	#K6924	KIMA				fullAgreement
ארץ חוילה	חוילה	חוילה	חוילה	חוילה	Havilah	الحويلة	temp0840						fullAgreement
היאור					Nile	النيل	temp0841	#Q3392	Wikidata			יאור	fullAgreement
מצרים					Mizraim	مصر	temp0842						fullAgreement
דמיאט	דמיאט	דמיאט	לדמיאט	דמיאט	Damietta	دمياط	temp0843	#K8964	KIMA	geography			fullAgreement
כפתור	כפתור	כפתור	כפתור	כפתור	Caphtor	كفتور	temp0844			idf			fullAgreement
רשיד	רשיד	_	אסית	רשיד	Reshid 	الرشيد	temp0845	#K20050	KIMA	geography		עיר	fullAgreement
אלכסנדריאה	אלכסנדריאה	#_	אלכסאנדרה	אסכנדריאה	Alexandria	إسكندرية	temp0846	#K667	KIMA	geography			fullAgreement
אשמון	אשמון	אשמון	אשמון	אשמון	Ashmun	أشمون	temp0847			geography	העיר הגדולה בגבול מצרים	עיר	fullAgreement
מצרים					Egypt	مصر	temp0849	#K8046	KIMA				AsherAdlerAgreement
מצרים החדשה					Mizraim	مصر الجديدة	temp0850			itin			fullAgreement
מצרים הקדמונה					Mizraim	مصر القديمة	temp0851						fullAgreement
עמודים							temp0852						HaddadAsherAgreement
כנסת משה רבינו					synagogue of Moses	الكنيس الكبير لسيدنا موسى	temp0853						AsherAdlerAgreement
מצרים החרבה	מצרים	מצרים	מצרים	מצרים	Mizraim	مصر	temp0854						fullAgreement
ארץ גושן	גושן	גושן	גושן	גושן	Goshen	أرض جاسان	temp0855			itin			fullAgreement
בלביש	בולסיר סלביס	_	בולסיר סלביס	בולביס	Bilbais	بلبيس	temp0856	#K22392	KIMA			עיר	fullAgreement
עיזקאל	לעיזקאל	לארץ	לעזקאל	_			temp0857	#U21		itin			AsherOnly
עין אל שמס	עין אל שמס	#עין אלשמין	עין אל שמס	עין אל שמס	Ain-al-Shams	عين شمس	temp0858	#K1267	KIMA				fullAgreement
רעמסס	רעמסס	רעמסס	רעמסס	רעמסס	Ramses	رعمسيس	temp0859						fullAgreement
אל בודאיג	אל בוביאיג	אלבובי זיג	אלבוויגו	אל בוביזיג	Al Bubizig	أبو تيج	temp0860	#U23		itin			fullAgreement
	#_	בנהא	#_	בנהא	Benha	بنها	temp0861						HaddadOnly
							temp0863						AdlerOnly
זיפתא	מנזיפתא	מוניסיפתא	מנזיפטא	מוניז פתה	"Muneh
                        Sifte"		temp0864	#Q2392142	Wikidata	itin			AsherAdlerAgreement
	#_	סמנוי	#_	סמט	Samnu	سمناط	temp0862	#K22302	KIMA				AdlerOnly
דמירה	רמירה	רימירה	דמידה	דמירה	Damira	الدميرة	temp0866	#Kdamira	KIMA	itin			fullAgreement
מהלה	למחלה	למחלה	למבלא	לממנה	Lammanah	المحلة	temp0868			itin			HaddadAsherAgreement
אלכסנדריאה	אלכסנדריאה	אליסנדריאה	#_	לאסכנדריא'	Alexandria	إسكندرية	temp0869	#K667	KIMA	itin		עיר	fullAgreement
	_	מצרים	_	מצרים	Egypt		temp0870	#K8046	KIMA				AdlerOnly
نو أمون	_	אמון מנוא	_	אמון מנוא			recogito-2df1d363-3de4-4c0a-b3ab-660f1424bf1d	#K667	KIMA				
أمون نو					"Ammon
                        of No"		recogito-2df1d363-3de4-4c0a-b3ab-660f1424bf1c	#K667	KIMA				
	_		_		Macedon		temp0871	#Q83958	Wikidata				AdlerOnly
בנין יפה וגדול					"a large
                        building"	مدرسة أرسطو	temp0872					בנין	fullAgreement
						إسكندرية	temp0873						HaddadOnly
שער רשיד	רשיד	רשיד	רסית	רשיד	gate of Reshid	رشيد	temp0874					שער	fullAgreement
שער הים					gate by the sea	باب البحر	temp0875					שער	fullAgreement
מסלה על הנמל							temp0876						AsherOnly
אלכסנדריאה	אלכסנדריאה	אלכסנדריאה	אליכאנדרו'	אסכנדריאה	Alexandria		temp0877	#K667	KIMA				AsherAdlerAgreement
					pier, a king's highway		temp0878						AdlerOnly
המנראה	המגראה	המנורה	למאגרא'	המנורה			temp0879	#Q43244	Wikidata			מגדל	AsherOnly
מנאר אלכסנדריאה	מגאר אלכסנדריאה	מנאר אכסנדריאה	מגאר אליכסאנדרו'	מנאר אלסכנדריאה	Manar al Iskandriyyah		temp0880	#Q43244	Wikidata				AsherAdlerAgreement
יון					Greece	الروم	temp0881	#K8822	KIMA			ארץ	fullAgreement
יון					Greece	الروم	temp0882	#K8822	KIMA			יון	fullAgreement
מצרים					Egypt	مصر	temp0883	#K8046	KIMA				fullAgreement
מצרים					Egypt	مصر	temp0884	#K8046	KIMA				fullAgreement
קריטס	קריטס	קרוניאס	קריטאס	קרנואס	Crete	إقريطش	temp0885	#K8648	KIMA	history			fullAgreement
כיפרוס	כיפרוס	קפפוס	קפרוס	קפרוס	Cyprus	قبرص	temp0886	#K7562	KIMA				fullAgreement
מצרים					Egypt	مصر	temp0887	#K8046	KIMA				fullAgreement
אלכסנדריאה	אלכסנדריאה	לאליסנדריאה	לאליכסאנרי'	אסכנדריאה	Alexandria	الإسكندرية	temp0888	#K667	KIMA				fullAgreement
אלכסנדריאה	אכסנדריאה	_	אליכסאנדרי'	_	Alexandria	إسكندرية	temp0889	#K667	KIMA				fullAgreement
בלינסייא	בלינסייא	כניסיה	וולינצא	בניסיה	Venetia	البندقية،	temp0890	#K949	KIMA	commerce		ארץ	fullAgreement
					Tuscany		temp0891	#K11139	KIMA				
טוסכנה	טוסכנה	טוסקנה	טוסקאנה	טושכאנה	Tuscany	طسقانية	temp0891	#K10968	KIMA	commerce			fullAgreement
לומברדיאה	לומברדיאה	לומרדיאה	למוברדיאה	לונברדיא'	Lombardy		temp0892	#K10968	KIMA	commerce			AsherAdlerAgreement
פוליה	פוליא	פוליה	פולייא	פוליה	Apulia	أفولية	temp0893	#K7555	KIMA	commerce			fullAgreement
מלפי	מלכי	מלכי	מאלקי	מלכי	Amalfi	أمالفي	temp0894	#K12281*	KIMA	commerce			fullAgreement
סקילייה	סקיליה	ציציליאה	סקאלי	צקיליה	Sicilia		temp0895	#K6284	KIMA	commerce			fullAgreement
	_	קלבריאה	_	קלבריה	Calabria	قلورية	temp0904	#K7660	KIMA				AdlerOnly
	_	רומניאה		רומניה	Romagna	رومانية	temp0905	#K5323	KIMA				
	_	כזריאה		כזריה	Khazaria	خزرية	temp0906	#Kkhazaria	KIMA				AdlerOnly
		אונגריאה	_	איגוריה	Hungaria		temp0898	#K7547	KIMA				AdlerOnly
	_	בולגריאה	_	כולוריה		بلغارية	temp0910						
רקופיה	רקופיה	דוקוסיאה	ארקופייה	רקוניה	"Rakuvia
                       "	راغوسة	temp0899	#U25		commerce			AsherAdlerAgreement
קרט ויה	קרטויה		קרטוייה	קרוטיה	Croatia	خرواتية	temp0900	#K16240	KIMA				AdlerOnly
		אשקלוניאה			Slavonia	صقلابونية	temp0912	#K2382	KIMA	commerce			
אספנייא	אספנייא		אספאמייא	אספלדורה			temp0903	#K6471	KIMA	commerce			AsherOnly
	_	_		ביצינין	Patzinakia	البجناقية	temp0907	#KPatzinakia	KIMA				HaddadOnly
רוסייא	רוסייא	רוסיאה	רושיא	רוסיה	Russia	روسية	temp0913	#Q1108445	Wikidata	commerce			fullAgreement
אלמאנייה	אלמנייה	אלמנריאה	אלמאני	אלמאניה	Alamannia 	ألمانية	temp0914	#Q2208978	Wikidata	commerce			fullAgreement
שושנאה	שושנאה	שישוניאה	סוסאנה	שישוניאה	Saxony	سكسونية	temp0915	#K7417	KIMA	commerce			fullAgreement
דנאמרקא	דנא	_	ראנה מרקה	דנא מרקא	Danemark	الدانمرك	temp0916	#K6281	KIMA	commerce			fullAgreement
	_	גולנרדה		גורלביאה	Kurland	كورلندة	temp0917	#K13350	KIMA				AdlerOnly
	_	אדלנרה		ארננדי'	Ireland		recogito-0de13d22-5f69-4d9e-95dd-c85c57151028	#K7885	KIMA				
	_	רואצה	_	טראנה	"Norway
                    "	النورجة	temp0918	#K6310	KIMA				AdlerOnly
	_	פירציה		פרישה	Frisia	فريزية	temp0923	#K6291	KIMA				
	_	אשקוצה		אשבוציאה	Scotia	أسكوتية	temp0919	#K7460	KIMA				AdlerOnly
				אינגלטירה	Angleterre	إنكلترة	temp0925	#K12708	KIMA				
גלאץ			גאליציא	גלש	Wales	ويلز	temp0920	#U24		commerce			AdlerOnly
פלנדריש	פלנדריש	פלנדריאה	פולאנריס	פלנדריש	Flanders	فلندر	temp0928	#K1435	KIMA	commerce			fullAgreement
היטר	חיטר	_	חיסר	רוטר	Hainault	هينولت	temp0929	#K14529	KIMA	commerce			fullAgreement
לרמנדיה	לרמנדיה	ארמיניאה	לראמאנריא	נורמנדיה	Normandy	نورمندية	temp0930	#Q15878	Wikidata	commerce			fullAgreement
פראנציה	פראנייה	פרנציאה	פראנצה	פרנציה	France	فرنسة	temp0931	#K6399	KIMA	commerce			fullAgreement
פייטו	פייטו	_	פוייטה	פיטו	Poitiers	بواتو	temp0932	#K7191	KIMA	commerce			fullAgreement
אנגו	אנגו	_	אנגו	אנגו	Anjou	أنجو	temp0933	#K14733	KIMA	commerce			fullAgreement
ברגונייה	בוגונייא	בורגונייא	בוגונייא	ברגונה	Burgundy	برجونية	temp0934	#K13533	KIMA	commerce			fullAgreement
מדיאנה	מדיחנה		מריאנה	מוריאנה	Maurienne		temp0935			commerce			AsherAdlerAgreement
פרובינצא	פרובינצא		פרווינצי'	פרובינצה	Provence	بروفنسية	temp0936	#K8962	KIMA	commerce			fullAgreement
גינואה	גינואה		יינובה	יינובי	Genoa	جنوة	temp0937	#K877	KIMA	commerce			fullAgreement
פישא	פישא	פיסה	פיסה	פיסה	Pisa	بيزة	temp0938	#K251	KIMA	commerce			fullAgreement
גשקוניא	גשקונט	גשקוניא	גווסקוני'	גשקוניה	Gascony	غسقونية	temp0939	#K13933	KIMA	commerce			fullAgreement
ארגון	ארגון	_	ארגון	ארנגון	Aragon	أرغون	temp0940	#K7678	KIMA	commerce			fullAgreement
נבארה	נבארה	_	נבארה	נבארה	Navarra		temp0941	#K9542	KIMA	commerce			AsherAdlerAgreement
אל אנדלוס	אל אנדלוס	אל אנדלוס	אלי אנדולפ׳	אל אנדלס	Andalusia		temp0942	#Q123559	Wikidata	commerce			AsherAdlerAgreement
אל ערוה	אלעדוה	אל עדוה	אלערבה	אל עדוה	Algarve		temp0943	#K7951	KIMA	commerce			AsherAdlerAgreement
אפריקיה	אפריקיה	אפרקיה	אפריקא	אפריקיה	Africa		temp0944	#Q181238	Wikidata	commerce			AsherAdlerAgreement
ארץ אלערב	אל ערב	ערבי	אלערב	ערב	land of the Arabs		temp0945			commerce			AsherAdlerAgreement
הודו	הודו	הודו	הודו	הודו	India	الهند	temp0946			commerce			fullAgreement
חוילה	מחוילה	חוילה	חווילה	זוילה	Zawilah		temp0947			commerce			AsherAdlerAgreement
אל חבש	אל חבש	אל חבש	אלחכים	אל חבש	Abyssinia		temp0948	#K6924	KIMA	commerce			AsherAdlerAgreement
נוביה	לוביה	לוביאה	לוביאה	לוביאה	Lybia	ليبية	temp0949			commerce			fullAgreement
אלימן	אל ירמן	אלמן	אלירמאנו	אל ימן	El-Yemen	اليمن	temp0950			commerce			fullAgreement
שנער	שנער	שנער	שנער	שנער	Shinar	العراق	temp0952	#Q1404297	Wikidata	commerce			AsherAdlerAgreement
אל שאם	אל שאם	אל שם	אלשאם	אל שאם	Esh-Sham 	الشام	temp0953			commerce			fullAgreement
יון	יון	יון	יון	יוון	Javan	اليونان	temp0954	#K8822	KIMA	commerce			fullAgreement
						بالروم	temp0954a						
	אל תורך	אל תורך	אלתורך	אל תוריך			temp0954b						
הודו					India		temp0955			commerce			AsherAdlerAgreement
קבר אחד של שיש					sepulchre of marble		temp0956			citysite		קבר	AsherAdlerAgreement
אלכסנדריאה	אלכסנדריאה		אליכסאנרה	אסכנדריא'	Alexandria	إسكندرية	temp0957	#K667	KIMA				fullAgreement
דמיאט	דמיאט	#_	דמיאט	דאמיט	Damietta	دمياط	temp0958	#K8964	KIMA	itin			fullAgreement
כפתור	כפתור	_	כפתור	כפתור	Caphtor	كفتور	temp0959						fullAgreement
		בלכסנדריאה					temp0959b						
	#check	#_	#_	טומסיס	Simasim		temp0960						AdlerOnly
סונבאט	סונבאט	זונבק	סונבאני	סונבט	Sunbat	سنباط	temp0961	#Ksunbat	KIMA	itin			fullAgreement
אילאה	אילאס	#_	אליאם	אילאס	Ailam	إيلة	temp0962			itin			fullAgreement
אילים	אילים	_	אלים	אלים	Elim		temp0963						AsherAdlerAgreement
רפידים	רפידים	רפידים	רפידים	רפידים	Rephidim	رفيديم	temp0964			itin			fullAgreement
הר סיני	סיני	_	סיני	סיני	Mount Sinai		temp0965			itin		הר	AsherAdlerAgreement
טור סיני	טור סיני	_	טור סיני	טור סיני	"Tur
                        Sinai"	طور سيناء	temp0966					כרך	fullAgreement
מצרים					Egypt		temp0967	#K8046	KIMA				AsherAdlerAgreement
ים סוף					Red Sea	بحر القلزم	temp0968			itin			fullAgreement
הר סיני					Mount Sinai		temp0969					הר	AsherAdlerAgreement
ים					Indian Ocean		temp0970						AsherAdlerAgreement
דמיאט	לדמיאט	_	לכפתור		Damietta		temp0971	#K8964	KIMA				AsherAdlerAgreement
טניס	טוניס	#_	טוניס	טאנס	Tanis	تنيس	temp0972	#K3054	KIMA	itin			fullAgreement
חנס	חכם	_	חנס	חנס	Hanes	حانيس	temp0973						fullAgreement
מצרים					Egypt		temp0974	#K8046	KIMA				AsherAdlerAgreement
מיסני	מישני	מסינה	מיסאני	מסינא		مسينة	temp0975	#K7699	KIMA	itin	תחלת אי סקלייה		HaddadAsherAgreement
סקלייה	סקלייה	סציליאה	איסקאליא	צקיליה	Sicily		temp0976	#K6284	KIMA				AsherAdlerAgreement
לוניד	לוניד	לוכר	לוניץ	לופאר	Lipar	لونير	temp0977						fullAgreement
קלברייה	קלברילה	קלבריאה	קלוורילה	קלבריאה	Calabria	قلورية	temp0978	#K7660	KIMA				fullAgreement
סקלייה	סקלייה	_	איסקאליא				temp0979	#K6284	KIMA				AsherOnly
ירושלם					Jerusalem	القدس	temp0980	#K691	KIMA				fullAgreement
פלירמו	פלירמו	_	פלירמו	פלירמו	Palermo	بلرمو	temp0981	#K7745	KIMA	itin		עיר+מדינה	fullAgreement
					Palermo		temp0982	#K7745	KIMA			ארמון	AsherAdlerAgreement
ארמון גדול מ					palace of King 		temp0981b						
סקלייה	סקלייה	_	סקאלייא	צקיליה	Sicily	صقلية	temp0983	#K6284	KIMA			ארץ	fullAgreement
אלחיציינה					Al Harbina 		temp0983a						
אל בחירה					Al Buheira	بالبحيرة	temp0983b						
מסיני	ממסיני	_	ממיסינה	מסינא	Messina		temp0984	#K7678	KIMA				AsherAdlerAgreement
קטנייה	קטנייה		קטאניא'	קטאניה	Catania	كتانية	temp0985						AsherAdlerAgreement
סרקוסה	סרקוסה	_	סרקוטה	סרקוסה	Syracuse	سراكوزة	temp0986	#K6347	KIMA				fullAgreement
מזרא	מזרא	_	מאזירה	מזארה	Marsala	مرسالة	temp0989						AsherAdlerAgreement
פנטליאנה	פטלריאה	_	פטאלריא'	פיטראלייה	Petralia	بترالية	temp0990	#Q18464782	Wikidata				AsherAdlerAgreement
טראפנה	טראפנה	_	טרפאנו	טראפנה	Trapani	ترباني	temp0991	#K6879	KIMA				fullAgreement
טראפנה	טראפנה		טרפאנו	טראפנה	Trapani		temp0992	#K6879	KIMA				AsherAdlerAgreement
רומה	רומה	רומה	רומי	רומה	Rome	روميه	temp0993			itin			fullAgreement
רומה					Rome		temp0994			itin2ndMention			AsherAdlerAgreement
לוקה	לוקה	#_	לוקה	לוכה	Lucca	لوكا،	temp0995	#K6491	KIMA	itin			fullAgreement
	_	הרי יובי		הר יווני			temp0995b						
מוראיינה	מוראיינה	מוריאנה	מורייא'	מוריאנה	Maurienne	موريان	temp0996			itin			fullAgreement
איטנייא					Italy	الإيطالية	temp0997					מעברות	AsherAdlerAgreement
ברדין	ברדין	ברדון	בארדינו	ברדון	Verdun	بردين	temp0998			itin?-end	תחלת אלמנייא	עיר	fullAgreement
						الإيطالية	temp0999						HaddadOnly
אלמנייא					Alamannia	ألمانية	temp1000	#Q2208978	Wikidata				AsherAdlerAgreement
אלמנייא	אלמנייא	_	אלימינו		Alamannia	ألمانية	temp1001	#Q2208978	Wikidata	geography+JewishGeography			fullAgreement
ריינוס	רינוס	רינור	רינוס	אל רינוס	Rhine	الراين	temp1002					נהר	fullAgreement
קולונייא	קולונייא	קולונייא	קולונייא'	קולונייה	Cologne	كولونية	temp1003	#Q365	Wikidata			עיר	fullAgreement
קשנבורק	קשנבורק	רנשברוק	קשובורגי	רנשבורק	Regensburg		temp1025	#Q2978	Wikidata		קצה אלמנייא	עיר	AsherAdlerAgreement
אלמנייא	אלימניא	אלמנייה	אלימניא'	אלמאנייה	Alamannia		temp1026	#Q2208978	Wikidata				AsherAdlerAgreement
אשכנז					Ashkenaz	أشكناز	temp1027					ארץ	AsherAdlerAgreement
אלמנייא					Alamannia		temp1028	#Q2208978	Wikidata				AsherAdlerAgreement
				מסתיורכש	Metz	متز	temp1029						AdlerOnly
					Treves	تريفس	temp1030						AdlerOnly
משלה	משלה	_	משיליא'	משילה	Moselle	الموزيل	temp1031					נהר	AsherAdlerAgreement
קובפילינש	קונפילינש	קוניפליס	קונפילינס	קופלינס	Coblenz	كوبلنز	temp1032	#Q3104	Wikidata			מדינה	AsherAdlerAgreement
אנדרנכה	אודרנכה	אנדרנה	אורדנאקי'	_	Andernach	أندرناخ	temp1033	#K14653	KIMA			מדינה	AsherAdlerAgreement
קובה	קונה	בונה	קונה		Bonn	بونة	temp1034	#Q586	Wikidata			מדינה	AsherAdlerAgreement
קרטניא	קוטניא	_	קוטוניא'		Cologne		temp1035	#Q365	Wikidata			מדינה	AsherAdlerAgreement
בינגה	בינגה	_	נירגא			بنجن	temp1036					מדינה	AsherAdlerAgreement
משתראן	משתראן		מסטראי'			مونستر	temp1037	#K11457	KIMA				AdlerOnly
גרמיסה	גרמיסה	_	גרמיזא		Worms	فورمس	temp1038	#Q3852	Wikidata			מדינה	AsherAdlerAgreement
ירושלם		_			Jerusalem		temp1040	#K691	KIMA				AsherAdlerAgreement
אלימנייא	אלימנייא	_	אלימאנייה				temp1041						AsherOnly
אשתראן בורך	אשתראן בורך	_	אשתארן בורך	אשתרן בורק	Strassburg	شتر اسبورغ	temp1042					מדינה	AsherOnly
דוי דסבורך	דוי רסבורך	_	דוי רסבורך	בוירסבורק	Würzburg	فور	temp1044					מדינה	AsherOnly
							temp1046						AdlerOnly
מנדטרן	_	_	מנדטרך	מרנבורק	Mantern	منترن	temp1047					מדינה	AsherAdlerAgreement
בנבורק	בנבורק		בנבורק	בנבירק	Bamberg	بمبرغ	temp1048						AdlerOnly
פסינגש	פסונגש	_	פסינגס	בסינגש	Freising	فرايزنغ	temp1049						AsherOnly
צר	צד	_	צר				temp1051					מדינה	AsherOnly
רגנשבורק	רשנבורק	_	רשנבורק	רנשבורק	Regensburg		temp1052	#Q2978	Wikidata		קצה המלכות	מדינה	AsherAdlerAgreement
בהם	בהם	בהם	בהם	בהם	Bohemia	بوهيمية	temp1053			border		ארץ	AsherAdlerAgreement
פראגה	פראגה	פרגה	פראגה	פרגא	Prague	براغ	temp1054			namesake:ling	תחלת ארץ אשקלבונייא		AsherAdlerAgreement
אשקלבונייא	אשקלבונייה	אשקלוביא	אשקלבונייה	אשכלבוניה	Slavonia		temp1055			geography		ארץ, מלכות	AsherAdlerAgreement
כנען	כנען	כנען	כנען	כנען	Canaan		temp1056			namesake:ling			AsherAdlerAgreement
רוסיא	רוסיא	_	רוסיא'	רוסיה	Russia		temp1057			geography			AsherAdlerAgreement
שער פראגא					Prague		temp1058			geography			AsherAdlerAgreement
שער כיו	פיל	_	פיו	פא	Kieff	كييف،	temp1059			geography+border	בסוף המלכות/עד הנה מלכות רוסיא	שער (עיר)	AsherAdlerAgreement
רוסיא					Russia		temp1060			geography		מלכות	AsherAdlerAgreement
פראנצייה	פראנצייה	פרנבייא	פראנצייא	פרנסצה	France	فرنسة	temp1061	#K6399	KIMA	geography		מלכות	AsherAdlerAgreement
צרפת	צרפת	צרפת	צרפת	צרפת	Zarfath	صرفث	temp1062	#K6399	KIMA	geography		ארץ	fullAgreement
אל סודו	מעור אל סודו	מעיר אלצור	מעור אל סודוער	אל סור	Auxerre		temp1063	#K7303	KIMA	geography		עיר	AsherAdlerAgreement
פאריש	פראיש	פרישה	פאריש	פריש	Paris	باريس	temp1064	#Q90	Wikidata	geography+jewishGeography		מדינה	fullAgreement
						باريس	temp1065						HaddadOnly
סינא	סיבא	שיינה	סינא	שנה	Seine	السين	temp1066			cityDesc		נהר	fullAgreement
