toponym-index	Toponym mention @Asher	ASHER - xpath_location	GeoNarrative	seq_number	url	id	_ - primary_rom_full	_ - primary_heb_full	geotype	lat	lng	Ed Constantinople	Ms Casanatense	Ms_Epstein	Ms_London
1	שרקושטה	/TEI[1]/text[1]/body[1]/ab[1]/seg[1]/placeName[1]	1	1	http://geo-kima.org/Place/6347	6347	Zaragoza (Spain)	סרגוסה (ספרד)	point	41.65606	-0.87734	שרקושטה	סרקוסטא	שרקוסטה	סרקסטא
2	איברו	/TEI[1]/text[1]/body[1]/ab[1]/seg[1]/placeName[2]	1	2	https://www.geonames.org/3123754/				line			איברו	איברי	איברו	אברו
3	טורטושה	/TEI[1]/text[1]/body[1]/ab[1]/seg[1]/placeName[3]	1	3	http://geo-kima.org/place/9805	9805	Tortosa (Spain)	טורטוסה (ספרד)	point	40.815111	0.523778	טורטושה		טורטוסה	טרטושא
4	טרכונה	/TEI[1]/text[1]/body[1]/ab[1]/seg[2]/placeName[1]	1	4	http://geo-kima.org/place/7559	7559	Tarragona (Spain)	טרגונה (ספרד)	point	41.119196	1.258058	טרבונה	נירגונה	טרבונה	תרכונה
5	ספרד	/TEI[1]/text[1]/body[1]/ab[1]/seg[2]/placeName[2]	1		http://geo-kima.org/place/6471	6471		ספרד	polygon			ספרד		ספרד	ספרד
6	ברצלונה	/TEI[1]/text[1]/body[1]/ab[1]/seg[3]/placeName[1]	1	5	http://geo-kima.org/place/582	582	Barcelona (Spain)	ברצלונה (ספרד)	point	41.384106	2.175422	ברצלונה	ברצלונה	ברזילונה	ברצלונה
7	יון	/TEI[1]/text[1]/body[1]/ab[1]/seg[3]/placeName[2]	1		http://geo-kima.org/place/8822	8822		יוון	polygon			יון	יון	יון	יוון
8	פישה	/TEI[1]/text[1]/body[1]/ab[1]/seg[3]/placeName[3]	1		http://geo-kima.org/place/251	251	Pisa (Italy)	פיזה (איטליה)	point	43.719417	10.400106	פישה	פיסא	פישה	
9	גינואה	/TEI[1]/text[1]/body[1]/ab[1]/seg[3]/placeName[4]	1		http://geo-kima.org/place/877	877	Genoa (Italy )	גנואה (איטליה)	point	44.40766	8.93151	גינואה	יינובא	גיינובה	
10	סיסילייא	/TEI[1]/text[1]/body[1]/ab[1]/seg[3]/placeName[5]	1		http://geo-kima.org/place/6284	6284	Sicily (Italy)	סיציליה (איטליה)	polygon			סיסילייא	סיציליאה	סיסיליא	צקיליה
11	אלכסנדריה	/TEI[1]/text[1]/body[1]/ab[1]/seg[3]/placeName[6]	1		http://geo-kima.org/place/667	667	Alexandria (Egypt)	אלכסנדריה (מצרים)	point	31.195371	29.904133	אלסכנדריא	אלכסנדר	אליכסאכרה	אסכנדריאה
12	מצרים	/TEI[1]/text[1]/body[1]/ab[1]/seg[3]/placeName[7]	1		http://geo-kima.org/place/8046	8046		מצרים	polygon			מצרי'	שלמצרים	מצרים	מצרים
13	ארץ ישראל	/TEI[1]/text[1]/body[1]/ab[1]/seg[3]/placeName[8]	1		http://geo-kima.org/place/2501	2501		ארץ ישראל	polygon			ארץ ישראל	ארץ ישראל	ארץ ישראל	ארץ ישראל
14	גירונדה	/TEI[1]/text[1]/body[1]/ab[1]/seg[4]/placeName[1]	1	6	http://geo-kima.org/place/8720	8720	Gerona (Spain)	גרונה (ספרד)	point	41.98311	2.82493	גירונדה	גירונה	גירונה	גרונדה
15	נרבונה	/TEI[1]/text[1]/body[1]/ab[1]/seg[5]/placeName[1]	1	7	http://geo-kima.org/place/10031	10031	Narbonne (France)	נרבון (צרפת)	point	43.184722	3.003611	נרבונה	נרבונה	נירבונה	
16	בידרש	/TEI[1]/text[1]/body[1]/ab[1]/seg[6]/placeName[1]	1	8	http://geo-kima.org/place/7195	7195	Béziers (France)	בזייה (צרפת)	point	43.339552	3.214097	בידרש	בדרש	בידרש	בדרש
17	הר געש הנקרא מונפישלייר	/TEI[1]/text[1]/body[1]/ab[1]/seg[7]/placeName[1]	1	9	http://geo-kima.org/place/7467	7467	Montpellier (France)	מונפלייה (צרפת)	point	43.608176	3.8794455	הר געש הנקרא מונפישלייר	הר געש הנקר׳ מונפישליר	הר געש הנקר׳ מונפישלייר	געש הנקרא מונט פשליר
18	אל-ערוה	/TEI[1]/text[1]/body[1]/ab[1]/seg[7]/placeName[2]	1		http://geo-kima.org/place/7951	7951	Algarve (Portugal)	אלגארבה (פורטוגל)	polygon			אל עדוה		אלעדוה	אל עדוה
19	לונברדייא	/TEI[1]/text[1]/body[1]/ab[1]/seg[7]/placeName[3]	1		http://geo-kima.org/place/10968	10968	Lombardy (Italy)	לומברדיה (איטליה)	polygon			לונברדייא	לומרדיאה	למוברדיאה	לונברדיאה
20	רומא רבתא	/TEI[1]/text[1]/body[1]/ab[1]/seg[7]/placeName[4]	1		http://geo-kima.org/place/7637	7637		רומי	polygon			רומא רבתא	רומה רבתא	רומה רבתא	רומה רבתא
21	מצרים	/TEI[1]/text[1]/body[1]/ab[1]/seg[7]/placeName[5]	1		http://geo-kima.org/place/8046	8046		מצרים	polygon			מצרים		מצרים	מצרים
22	ארץ ישראל	/TEI[1]/text[1]/body[1]/ab[1]/seg[7]/placeName[6]	1		http://geo-kima.org/place/2501	2501		ארץ ישראל	polygon			ארץ ישראל		ארץ ישראל	ארץ ישראל
23	יון	/TEI[1]/text[1]/body[1]/ab[1]/seg[7]/placeName[7]	1		http://geo-kima.org/place/8822	8822		יוון	polygon			יון		יון	יוון
24	צרפת	/TEI[1]/text[1]/body[1]/ab[1]/seg[7]/placeName[8]	1		http://geo-kima.org/place/6399	6399		צרפת	polygon			צרפת		צרפת	צרפת
25	ספרד	/TEI[1]/text[1]/body[1]/ab[1]/seg[7]/placeName[9]	1		http://geo-kima.org/Place/6471	6471		ספרד	polygon			ספרד		ספרד	
26	אינגלטירה	/TEI[1]/text[1]/body[1]/ab[1]/seg[7]/placeName[10]	1		http://geo-kima.org/place/12708	12708		אנגליה	polygon			אינגלטירה		אינגילטירה	אינגלטירא
27	לוניל	/TEI[1]/text[1]/body[1]/ab[1]/seg[8]/placeName[1]	1	10	http://geo-kima.org/place/12204	12204	Lunel (France)	לוניל (צרפת)	point	43.67778	4.13611	לוניל	לוניל	לוניל	לוניל
28	פותייקיירש	/TEI[1]/text[1]/body[1]/ab[1]/seg[9]/placeName[1]	1	11	http://geo-kima.org/place/7808	7808	Vauvert (France)	וואוברט (צרפת)	point	43.6942	4.2769	פותייקיירש		פורייקיירש	פושקרש
29	נוגריש	/TEI[1]/text[1]/body[1]/ab[1]/seg[10]/placeName[1]	1	12	http://geo-kima.org/place/10262	10262	Saint-Gilles (Gard, France)	סנט-ג'ילס (גארד, צרפת)	point	43.6786	4.4317	נוגרש	מגרש	נוגרש	מגרש
30	בורק דשל גיל	/TEI[1]/text[1]/body[1]/ab[1]/seg[10]/placeName[2]	1	12	http://geo-kima.org/place/10262	10262	Saint-Gilles (Gard, France)	סנט-ג'ילס (גארד, צרפת)	point	43.6786	4.4317	בורק דשל גיל	בורגו דשינגילי	בורקרשאלגיל	בורגו דשגיל
31	רודי	/TEI[1]/text[1]/body[1]/ab[1]/seg[10]/placeName[3]	1		http://geo-kima.org/place/2047	2047	Rhône River (Switzerland and France)	רון (נהר, שווייץ וצרפת)	line			רודי	רואתנו	רודי	רודנו
32	פרובנצה	/TEI[1]/text[1]/body[1]/ab[1]/seg[10]/placeName[4]	1		http://geo-kima.org/place/8962	8962	Provence (France)	פרובנס (צרפת)	polygon			פרובנצה	פירובינצא	פרובינצא	פרובינסה.
33	ארליט	/TEI[1]/text[1]/body[1]/ab[1]/seg[11]/placeName[1]	1	13	http://geo-kima.org/place/7224	7224	Arles (France)	ארל (צרפת)	point	43.676944	4.628611	ארליט		אליש	ארליד
34	מרשילייה	/TEI[1]/text[1]/body[1]/ab[1]/seg[12]/placeName[1]	1	14	http://geo-kima.org/place/7085	7085	Marseille (France)	מרסי (צרפת)	point	43.299467	5.365307	מרשילייה	מרשילה	מרסיליא	מרשיליה
35	מגדל למעלה	/TEI[1]/text[1]/body[1]/ab[1]/seg[12]/placeName[2]	1		http://geo-kima.org/place/7085	7085	Marseille (France)	מרסי (צרפת)	point	43.299467	5.365307				
36	גינואה	/TEI[1]/text[1]/body[1]/ab[1]/seg[13]/placeName[1]	2	1	http://geo-kima.org/place/877	877	Genoa (Italy )	גנואה (איטליה)	point	44.40766	8.93151	גינואה	ייניבה	גיינובא	יינובה
37	סבתה	/TEI[1]/text[1]/body[1]/ab[1]/seg[13]/placeName[2]	2		http://geo-kima.org/place/8782	8782	Ceuta (Spain)	סאוטה (ספרד)	point	35.9000363	-5.4164103	סבתה	סיבתיא	סבתה	סבתה
38	גינואה	/TEI[1]/text[1]/body[1]/ab[1]/seg[13]/placeName[3]	2	1	http://geo-kima.org/place/877	877	Genoa (Italy )	גנואה (איטליה)	point	44.40766	8.93151	גינואה	יינובה	גיינובא	יינובה
39	פישה	/TEI[1]/text[1]/body[1]/ab[1]/seg[13]/placeName[4]	2	2	http://geo-kima.org/place/251	251	Pisa (Italy)	פיזה (איטליה)	point	43.719417	10.400106	פישא	פיסא	פיסה	פיסא
40	פישה	/TEI[1]/text[1]/body[1]/ab[1]/seg[14]/placeName[1]	2	2	http://geo-kima.org/place/251	251	Pisa (Italy)	פיזה (איטליה)	point	43.719417	10.400106	פישא	פיסא	פיסה	פיסא
41	לוקא	/TEI[1]/text[1]/body[1]/ab[1]/seg[15]/placeName[1]	2	3	http://geo-kima.org/place/6491	6491	Lucca (Italy)	לוקה (איטליה)	point	43.840677	10.50602	לוקא	לוקה	לוקה	לוכה
42	רומא רבתא	/TEI[1]/text[1]/body[1]/ab[1]/seg[16]/placeName[1]	2	4	http://geo-kima.org/Places/440	440	Rome (Italy)	רומא (איטליה)	point	41.893056	12.482778	רומא רבתא	רומה רבתא	רומי רבתא	רומה רבתא
53	קושטנטינופולי	/TEI[1]/text[1]/body[1]/ab[1]/seg[17]/placeName[12]	3		http://geo-kima.org/place/533	533	Istanbul (Turkey)	איסטנבול (תורכיה)	point	41.012379	28.975926	קושטנטינופלי	קוסטנטינופולי	קוסטאנטינופילו	
54	קפואה	/TEI[1]/text[1]/body[1]/ab[1]/seg[18]/placeName[1]	4	1	http://geo-kima.org/place/6800	6800	Capua (Italy)	קפואה (איטליה)	point	41.1061258	14.2130486	לקפואה	לקפיאה	לקאפואה	לקפיאה
55	פוצול	/TEI[1]/text[1]/body[1]/ab[1]/seg[19]/placeName[1]	4	2	http://geo-kima.org/place/9790	9790	Pozzuoli (Italy)	פוצואולי (איטליה)	point	40.84394	14.0952	לפוצול	לפצילי	לפיצולו	לפוצוילי
56	סוריינטו	/TEI[1]/text[1]/body[1]/ab[1]/seg[19]/placeName[1]	4	2	http://geo-kima.org/place/9809	9809	Sorrento (Italy)	סורנטו (איטליה)	point	40.624604	14.365806	סוריינטו	סוריינטו	סיריינטו	סוריינטו
57	לונברדיאה	/TEI[1]/text[1]/body[1]/ab[1]/seg[19]/placeName[2]	4		http://geo-kima.org/place/10968	10968	Lombardy (Italy)	לומברדיה (איטליה)	polygon			לונברדיאה	לומרדיאה	לומברדיאה	לונברדיאה
58	רומא	/TEI[1]/text[1]/body[1]/ab[1]/seg[20]/placeName[1]	4		http://geo-kima.org/place/440	440	Rome (Italy)	רומא (איטליה)	point	41.89262	12.4843457	רומ׳	דומה	רומי	רומה
59	נאפולי		4	3	http://geo-kima.org/place/673	673	Naples (Italy)	נאפולי (איטליה)	point	40.829595	14.21755	נאפול		נאפולי	נאפולי
60	שלירנה	/TEI[1]/text[1]/body[1]/ab[1]/seg[21]/placeName[1]	4	4	http://geo-kima.org/place/6373	6373	Salerno (Italy)	סלרנו (איטליה)	point	40.6779567	14.7659122	שלירפה	סלירנה	סלירפה	סלירנה
61	ציפונת	/TEI[1]/text[1]/body[1]/ab[1]/seg[21]/placeName[2]	4		http://geo-kima.org/place/7024	7024	Siponto (Italy)	סיפונטו (איטליה)	point	41.6084823	15.8897665	ציפונת		צפונת	ציפינת
62	אמלפי	/TEI[1]/text[1]/body[1]/ab[1]/seg[22]/placeName[1]	4	5	http://geo-kima.org/place/6262	6262	Amalfi (Italy)	אמלפי (איטליה)	point	40.63443	14.60318	לאמלפי	למלכי	למלאלפי	מלכי
63	בינאבינטו	/TEI[1]/text[1]/body[1]/ab[1]/seg[23]/placeName[1]	4	6	http://geo-kima.org/place/6449	6449	Benevento (Italy)	בנוונטו (איטליה)	point	41.13155	14.77433	לבנאבינטו	לבינבנטו	לביניווינטו	לבנבנתו
64	מלפי	/TEI[1]/text[1]/body[1]/ab[1]/seg[24]/placeName[1]	4	7	http://geo-kima.org/place/12281	12281	Melfi (Italy)	מלפי (איטליה)	point	40.99571	15.65578	ממלכי	למלפה	למלפי	למלפי
65	פולייא	/TEI[1]/text[1]/body[1]/ab[1]/seg[24]/placeName[2]	4		http://geo-kima.org/place/7555	7555	Puglia (Italy)	פוליה (איטליה)	polygon	41.25	15.75	פוליא	פוליא	פוליא	פוליאה
66	ארץ פול	/TEI[1]/text[1]/body[1]/ab[1]/seg[24]/placeName[3]	4		http://geo-kima.org/place/7555	7555	Puglia (Italy)	פוליה (איטליה)	polygon	41.25	15.75	ארץ פול	ארץ פול	ארץ פול	ארץ פול
67	אשקולי	/TEI[1]/text[1]/body[1]/ab[1]/seg[25]/placeName[1]	4	8	https://www.geonames.org/3182747				point	42.8554	13.57495	לאסקולי		לאסקולי	לאשכולי
68	טרנאה	/TEI[1]/text[1]/body[1]/ab[1]/seg[26]/placeName[1]	4	9	http://geo-kima.org/place/7879	7879	Trani (Italy)	טראני (איטליה)	point	41.27733	16.41011	לטרנאה	לטרני	לטראני	לטראני
69	ירושלים	/TEI[1]/text[1]/body[1]/ab[1]/seg[26]/placeName[2]	4		http://geo-kima.org/place/691	691	Jerusalem (Israel)	ירושלים (ישראל)	point	31.776667	35.234167	ירושלם	ירושלם	ירושלם	ירושלם
70	מיקילס דבר	/TEI[1]/text[1]/body[1]/ab[1]/seg[27]/placeName[1]	4	10	http://geo-kima.org/Places/7504	7504	Bari (Italy)	בארי (איטליה)	point	41.13031	16.87014	למיקילס	לנקולוש	למיקולסדבר	לקול
71	ציקיליה	/TEI[1]/text[1]/body[1]/ab[1]/seg[27]/persName[1]/placeName[1]	4		http://geo-kima.org/place/6284	6284	Sicily (Italy)	סיציליה (איטליה)	polygon	37.53667612	14.08648465	ציקיליה	סיציליאה	ציקיליא'	צקיליה
72	טראנטו	/TEI[1]/text[1]/body[1]/ab[1]/seg[28]/placeName[1]	4	11	http://geo-kima.org/place/8176	8176	Taranto (Italy)	טאראנטו (איטליה)	point	40.476034	17.228553	לטרנטו	לטרנטו	לטראטו	לטירטנו
73	קלאבריאה	/TEI[1]/text[1]/body[1]/ab[1]/seg[28]/placeName[2]	4		http://geo-kima.org/place/7660	7660	Calabria (Italy)	קלבריה (איטליה)	polygon	40.75	17.75	קלאבריאה	קלבריאה	קלאבריא'	קלבריה
74	ברנדישי	/TEI[1]/text[1]/body[1]/ab[1]/seg[29]/placeName[1]	4	12	http://geo-kima.org/place/11068	11068	Brindisi (Italy)	ברינדיזי (איטליה)	point	40.641136	17.946867	לברנדיס	לברינבס	לנרניס	לברנדיש
75	אוטרנדו	/TEI[1]/text[1]/body[1]/ab[1]/seg[30]/placeName[1]	5	1	http://geo-kima.org/place/7029	7029	Otranto (Italy)	אוטרנטו (איטליה)	point	40.145948	18.490953	לאורנדו	לאוסרינטו	לאורנארו	לאורדינדו
76	יון	/TEI[1]/text[1]/body[1]/ab[1]/seg[30]/placeName[2]	5		http://geo-kima.org/Place/8822	8822		יוון	polygon						
77	קרופוס	/TEI[1]/text[1]/body[1]/ab[1]/seg[31]/placeName[1]	5	2	http://geo-kima.org/Places/1039	1039	Corfu Island (Greece)	קורפו, אי (יוון)	point	39.60733	19.92178	לאוקרופוס	לקופרו	לאוקרופוס	לאקורפוס
78	לבטה	/TEI[1]/text[1]/body[1]/ab[1]/seg[32]/placeName[1]	5	3	http://geo-kima.org/Place/20954	20954	Arta (Greece)	ארטה (יוון)	point	39.159	20.985	לבטה	לארטה	לבאנטה	לרנוה
79	נטוליקון	/TEI[1]/text[1]/body[1]/ab[1]/seg[34]/placeName[1]	5	5	https://www.geonames.org/265507				point	40.66152	22.7119	לנטוליקון	לנטוליקון	לנאטוליקץ	לנטוליקון
79	אכילון	/TEI[1]/text[1]/body[1]/ab[1]/seg[33]/placeName[1]	5	4	-				point	39.04107	20.95316	אכילון	אפילון	אקילץ	אפילון
80	פטרה	/TEI[1]/text[1]/body[1]/ab[1]/seg[35]/placeName[1]	5	6	http://geo-kima.org/place/12768	12768	Patrai (Greece)	פטרס (יוון)	point	38.243265	21.738518	לפטרה	_	לפאטרה	_
81	לפנטו	/TEI[1]/text[1]/body[1]/ab[1]/seg[36]/placeName[1]	5	7	http://geo-kima.org/Places/Details?id=21742	21742	Náfpaktos (Greece)	נפפקטוס (יוון)	point	38.39167	21.8275	ללפנטו	לכיפטו	ללופאנטי	_
82	קורש	/TEI[1]/text[1]/body[1]/ab[1]/seg[37]/placeName[1]	5	8	https://www.geonames.org/259862				point	38.4753859	22.4689446	קורש	קרייש	קורש	_
83	פרנש	/TEI[1]/text[1]/body[1]/ab[1]/seg[37]/placeName[2]	5		https://www.geonames.org/255730				point	38.53528	22.62188	פורש	קרש	פורש	
84	קורינטו	/TEI[1]/text[1]/body[1]/ab[1]/seg[38]/placeName[1]	5	9	https://www.geonames.org/259289				point	37.906045	22.878721	קורינטו	קורנטו	קורונאטי	_
85	טיבש	/TEI[1]/text[1]/body[1]/ab[1]/seg[39]/placeName[1]	5	10	http://geo-kima.org/place/14830	14830	Thebes (Greece)	תבאי (יוון)	point	38.318092	23.255096	טיבש	תיביס	טיוכס	
86	יון	/TEI[1]/text[1]/body[1]/ab[1]/seg[39]/placeName[2]	5		http://geo-kima.org/place/8822	8822		יוון	polygon	39.04697922	22.97947876				
87	קושטנטינופולי	/TEI[1]/text[1]/body[1]/ab[1]/seg[39]/placeName[3]	5		http://geo-kima.org/place/6927	6927	Constantinople	קונסטנטינופול	point	41.012379	28.975926	קושטטינופולי.	קוסטנטינה.	_	_
88	ארגירפו	/TEI[1]/text[1]/body[1]/ab[1]/seg[40]/placeName[1]	5	11	http://data.geo-kima.org/14277	14277	Chalkis (Greece)	כלקיס (יוון)	point	38.464	23.602	לארגירפו	לאיגריט	לארגריפו	_
89	יובשטריסה	/TEI[1]/text[1]/body[1]/ab[1]/seg[41]/placeName[1]	5	12	https://www.geonames.org/258577				point	38.567348	23.281349	יבושטריסה	יבושטריסה	יבוסטריסו	_
90	רובינקה	/TEI[1]/text[1]/body[1]/ab[1]/seg[42]/placeName[1]	5	13	https://www.geonames.org/261211				point	38.77844	22.78573	לרובינקה	_	לרווינגו	_
91	שינון פוטמו		5	14	https://www.geonames.org/258620				point	38.9	22.43333				
92	בלכיא		5		http://geo-kima.org/place/9259	9259		ולאכיה	polygon			בלכיא	הלבלירא	בילקאייה	_
93	יון	/TEI[1]/text[1]/body[1]/ab[1]/seg[43]/placeName[1]	5		http://geo-kima.org/place/8822	8822		יוון	polygon	39.04697922	22.97947876				
94	גרדיגי	/TEI[1]/text[1]/body[1]/ab[1]/seg[44]/placeName[1]	5	15	https://www.geonames.org/255638				point	38.94813	22.8398	לגרדיגי	לגודיטו	לגרריקו	_
95	ארמילו	/TEI[1]/text[1]/body[1]/ab[1]/seg[45]/placeName[1]	5	16	http://www.byzantinejewry.net/applications/mjcb/show_evidence_details.php?evidence_id=5				point	39.183	22.759	לארמולו	לארמילו	לארמילו	_
96	בישינה	/TEI[1]/text[1]/body[1]/ab[1]/seg[46]/placeName[1]	5	17	http://www.byzantinejewry.net/applications/mjcb/show_evidence_details.php?evidence_id=9				point	39.687	22.725	לבישינה	לבישינה	למישינה	_
97	סלוסקי	/TEI[1]/text[1]/body[1]/ab[1]/seg[47]/placeName[1]	5	18	http://geo-kima.org/place/103	103	Thessalonikē (Greece)	סלוניקי (יוון)	point	40.64361	22.93086	סלוסקו	_	סיאלוסקי	_
99	מיטריסי	/TEI[1]/text[1]/body[1]/ab[1]/seg[48]/placeName[1]	5	19	https://www.geonames.org/736795				point	41.07041	23.46064	למיטריסי	טוריס	למטריסי	_
100	דרמה	/TEI[1]/text[1]/body[1]/ab[1]/seg[49]/placeName[1]	5	20	http://geo-kima.org/place/14269	14269	Drama (Greece)	דרמה (יוון)	point	41.15283	24.1473	לדרמה	לרדמה	לרראמה	_
101	קנישתולי	/TEI[1]/text[1]/body[1]/ab[1]/seg[50]/placeName[1]	5	21	https://www.geonames.org/735861				point	40.93959	24.40687	לקנישתולי	לקרישתופילי	לקניסטולי	_
102	אבירו	/TEI[1]/text[1]/body[1]/ab[1]/seg[51]/placeName[1]	5	22	http://geo-kima.org/place/4579	4579	Abydos (Egypt : Extinct city)	אבידוס (מצרים : עיר קדומה)	point	40.19406	26.41122	ליבירו	לאברו	לאבירו	_
103	קושטנדינה	/TEI[1]/text[1]/body[1]/ab[1]/seg[51]/placeName[2]	5	23	http://geo-kima.org/Places/Details?id=6927	6927	Constantinople	קונסטנטינופול	point	41.012379	28.975926	קושטנדינה	קושטינה	קוסטאנטינו	_
104	יון	/TEI[1]/text[1]/body[1]/ab[1]/seg[52]/placeName[1]	5		http://geo-kima.org/place/8822	8822		יוון	polygon	39.04697922	22.97947876				
105	קושטנטינה	/TEI[1]/text[1]/body[1]/ab[1]/seg[52]/placeName[2]	5	23	http://geo-kima.org/Places/Details?id=6927	6927	Constantinople	קונסטנטינופול	point	41.012379	28.975926	בקושטנטינה	בקושטנטינה	בקוסטאנטינה	_
106	קושטאנטינה	/TEI[1]/text[1]/body[1]/ab[1]/seg[52]/placeName[3]	5	23	http://geo-kima.org/Places/Details?id=6927	6927	Constantinople	קונסטנטינופול	point	41.012379	28.975926	קושטאנטינה	קוסטנטינה	קוסטאנטינה	_
108	בבל	/TEI[1]/text[1]/body[1]/ab[1]/seg[52]/placeName[5]	5						polygon	32.53617	44.42082	בבל	בבל	בבל	_
109	שנער	/TEI[1]/text[1]/body[1]/ab[1]/seg[52]/placeName[6]	5						polygon			שנער	ושנער	שנער	_
110	מדי	/TEI[1]/text[1]/body[1]/ab[1]/seg[52]/placeName[7]	5		http://geo-kima.org/place/22613	22613	Media (Ancient kingdom)	מדיה (ממלכה עתיקה)	polygon	34.5	46.5	מדי	ומדי	מדי	_
111	פרס	/TEI[1]/text[1]/body[1]/ab[1]/seg[52]/placeName[8]	5						polygon						
112	מצרים	/TEI[1]/text[1]/body[1]/ab[1]/seg[52]/placeName[9]	5		http://geo-kima.org/place/8046	8046		מצרים	polygon	19.21140877	30.56732963				
113	רושיא	/TEI[1]/text[1]/body[1]/ab[1]/seg[52]/placeName[10]	5						polygon			רושיא	רוסיאה	רושיא	_
114	אונגריאה	/TEI[1]/text[1]/body[1]/ab[1]/seg[52]/placeName[11]	5						polygon	47.16508477	19.42015481	ואונגריאה	ואונגריאה	ואונגריא'	_
115	פסיינקי	/TEI[1]/text[1]/body[1]/ab[1]/seg[52]/placeName[12]	5						polygon			ופסיינקי	ופיסינקי	ופסינגי	_
116	בודיא	/TEI[1]/text[1]/body[1]/ab[1]/seg[52]/placeName[13]	5						polygon			ובוריא	וכזריאה	ובוריא'	_
117	לונברדייא	/TEI[1]/text[1]/body[1]/ab[1]/seg[52]/placeName[14]	5		http://geo-kima.org/place/10968	10968	Lombardy (Italy)	לומברדיה (איטליה)	polygon			לונברדייא	לומברדיאה	לומברדיא'	_
118	ספרד	/TEI[1]/text[1]/body[1]/ab[1]/seg[52]/placeName[15]	5		http://geo-kima.org/place/6471	6471		ספרד	polygon			וספרד	וספרד	וספרד	_
119	בגדיד	/TEI[1]/text[1]/body[1]/ab[1]/seg[52]/placeName[16]	5		http://geo-kima.org/place/662	662	Baghdad (Iraq)	בגדאד (עיראק)	point	33.31468	44.39044	מבגדיד	מבגדד	מבגדד	_
120	בילכירנש	/TEI[1]/text[1]/body[1]/ab[1]/seg[52]/placeName[17]	5		https://www.wikidata.org/wiki/Q1472490				point	41.0339	28.9403				
121	יון	/TEI[1]/text[1]/body[1]/ab[1]/seg[52]/placeName[18]	5		http://geo-kima.org/place/8822	8822		יוון	polygon	39.04697922	22.97947876				
122	ים שופיא	/TEI[1]/text[1]/body[1]/ab[1]/seg[52]/placeName[19]	5						polygon						
123	פירא	/TEI[1]/text[1]/body[1]/ab[1]/seg[52]/placeName[20]	5		http://geo-kima.org/place/7544	7544	Beyoğlu (Istanbul, Turkey)	בייאואולו (איסטנבול, טורקיה)	point	41.031944	28.976111				
124	רודוסטו	/TEI[1]/text[1]/body[1]/ab[1]/seg[53]/placeName[1]	6	1	http://geo-kima.org/place/22213	22213	Tekirdağ (Turkey)	טקירדא (טורקיה)	point	40.97801	27.50852				
125	גאליפולי	/TEI[1]/text[1]/body[1]/ab[1]/seg[53]/placeName[2]	6	2	http://sws.geonames.org/746983				point	40.41028	26.67083				
126	קלש	/TEI[1]/text[1]/body[1]/ab[1]/seg[53]/placeName[3]	6	3	http://pleiades.stoa.org/places/844961				point	41.18195	31.387409				
127	מיטילין	/TEI[1]/text[1]/body[1]/ab[1]/seg[53]/placeName[4]	6	4	http://sws.geonames.org/256866				point	39.10772	26.55529				
128	כא	/TEI[1]/text[1]/body[1]/ab[1]/seg[53]/placeName[5]	6	5	http://geo-kima.org/place/17289	17289	Chios (Greece)	כיוס (יוון)	point	38.414	26.053				
129	סמו	/TEI[1]/text[1]/body[1]/ab[1]/seg[53]/placeName[6]	6	6	http://geo-kima.org/place/14268	14268	Samos (Greece)	סאמוס (יוון)	point	37.73	26.84				
130	רודוש	/TEI[1]/text[1]/body[1]/ab[1]/seg[53]/placeName[7]	6	7	http://geo-kima.org/place/2044	2044	Rhodes (Greece : Island)	רודוס (יוון : אי)	point	36.43333333	28.21666667				
131	כיפרוס	/TEI[1]/text[1]/body[1]/ab[1]/seg[53]/placeName[8]	6	8	http://geo-kima.org/place/7562	7562		קפריסין	point	35.04088353	33.27533716				
132	קורקוס	/TEI[1]/text[1]/body[1]/ab[1]/seg[54]/placeName[1]	7	1	https://pleiades.stoa.org/places/638939				point	36.465278	34.154167				
133	דוכיא	/TEI[1]/text[1]/body[1]/ab[1]/seg[54]/placeName[2]	7		http://geo-kima.org/Places/Details?id=16830	16830		חדיב	point	36.191111	44.009167				
134	מלמישטרש*	/TEI[1]/text[1]/body[1]/ab[1]/seg[55]/placeName[1]	7	2	http://geo-kima.org/place/9757	9757	Tarsus (Turkey)	טרסוס (טורקיה)	point	36.91242	34.89592				
135	תרשיש		7	2	http://geo-kima.org/place/9757	9757	Tarsus (Turkey)	טרסוס (טורקיה)	point	36.916667	34.9				
136	אנטוכיא הגדולה	/TEI[1]/text[1]/body[1]/ab[1]/seg[56]/placeName[1]	7	3	http://data.geo-kima.org/Places/11503	11503	Antioch (Turkey)	אנטיוכיה (טורקיה)	point	36.200663	36.165318				
137	נהר פיר		7		http://data.geo-kima.org/Places/Details?id=5150	5150		נהר אורונטס	line	35.2728339	36.4825754				
138	נחל יבוק (אשר?)		7		http://data.geo-kima.org/Places/Details?id=5150	5150		נהר אורונטס	line	35.2728339	36.4825754				
139	הר הלבנון		7		http://geo-kima.org/Places/Details?id=15821	15821	Jabal Lubnān (Lebanon)	הר הלבנון (לבנון)	point	34.30096	36.11575				
140	חמת	/TEI[1]/text[1]/body[1]/ab[1]/seg[56]/placeName[3]	7		http://geo-kima.org/place/11554	11554	Ḥamāh (Syria)	חמאת (סוריה)	point	35.1359	36.7495				
141	ליגא	/TEI[1]/text[1]/body[1]/ab[1]/seg[58]/placeName[1]	7	4	http://geonames.org/173576				point	35.53168	35.79011				
142	לודקיא	/TEI[1]/text[1]/body[1]/ab[1]/seg[58]/placeName[2]	7	4	http://geonames.org/173576				point	35.53168	35.79011				
143	גיבל	/TEI[1]/text[1]/body[1]/ab[1]/seg[59]/placeName[1]	7	5	http://geo-kima.org/Places/Details?id=18052	18052	Jablah (Syria)	ג'בלה (סוריה)	point	35.359722	35.921389				
144	בעל גד		7	5	http://geo-kima.org/Places/Details?id=18052	18052	Jablah (Syria)	ג'בלה (סוריה)	point	34.116667	35.65				
145	הר הלבנון		7		http://geo-kima.org/Places/Details?id=15821	15821	Jabal Lubnān (Lebanon)	הר הלבנון (לבנון)	point	34.30096	36.11575				
146	קרמוס	/TEI[1]/text[1]/body[1]/ab[1]/seg[60]/placeName[1]	7		http://geonames.org/173389				point	35.09855	36.15984				
147	קדמות		7		http://geonames.org/173389				point	35.09855	36.15984				
148	סיחון	/TEI[1]/text[1]/body[1]/ab[1]/seg[60]/placeName[2]	7						polygon						
149	טריפול	/TEI[1]/text[1]/body[1]/ab[1]/seg[60]/placeName[3]	7		http://geo-kima.org/place/13529	13529	Tripoli (Lebanon)	טריפולי (לבנון)	point	34.447	35.817833				
150	טראבלוס אל*) שאם		7		http://geo-kima.org/place/13529	13529	Tripoli (Lebanon)	טריפולי (לבנון)	point	34.447	35.817833				
151	ארץ ישראל	/TEI[1]/text[1]/body[1]/ab[1]/seg[61]/placeName[1]	7		http://geo-kima.org/place/697	697		ישראל	polygon						
152	גיבל	/TEI[1]/text[1]/body[1]/ab[1]/seg[62]/placeName[1]	7	6	http://geo-kima.org/Places/Details?id=15288	15288	Jubayl (Lebanon)	גבל (לבנון)	point	34.116667	35.65				
153	בירוט		7	7	http://geo-kima.org/place/651	651	Beirut (Lebanon)	בירות (לבנון)	point	33.897902	35.501176				
154	בארות	/TEI[1]/text[1]/body[1]/ab[1]/seg[63]/placeName[1]	7	7	http://geo-kima.org/place/651	651	Beirut (Lebanon)	בירות (לבנון)	point	33.897902	35.501176				
155	ציידא	/TEI[1]/text[1]/body[1]/ab[1]/seg[64]/placeName[1]	7	8	http://geo-kima.org/place/13639	13639	Sidon (Lebanon)	צידון (לבנון)	point	33.560243	35.371208				
156	צידון	/TEI[1]/text[1]/body[1]/ab[1]/seg[65]/placeName[1]	7	8	http://geo-kima.org/place/13639	13639	Sidon (Lebanon)	צידון (לבנון)	point	33.560243	35.371208				
157	חרמון	/TEI[1]/text[1]/body[1]/ab[1]/seg[65]/placeName[2]	7		http://geo-kima.org/place/21726	21726	Mount Hermon (Israel)	הר חרמון (ישראל)	point	33.416111	35.8575				
158	צור החדשה	/TEI[1]/text[1]/body[1]/ab[1]/seg[66]/placeName[1]	7	9	http://geo-kima.org/place/14095	14095	Tyre (Lebanon)	צור (לבנון)	point	33.268071	35.209358				
159	קרקשונה	/TEI[1]/text[1]/body[1]/ab[1]/seg[66]/persName[2]/placeName[1]	7		http://geo-kima.org/place/10934	10934	Carcassonne (France)	קרקסון (צרפת)	point	43.205842	2.364076				
160	צור החדשה	/TEI[1]/text[1]/body[1]/ab[1]/seg[66]/placeName[2]	7	9	http://geo-kima.org/place/14095	14095	Tyre (Lebanon)	צור (לבנון)	point	33.268071	35.209358				
161	צור המעטירה	/TEI[1]/text[1]/body[1]/ab[1]/seg[66]/placeName[3]	7		http://geo-kima.org/place/14095	14095	Tyre (Lebanon)	צור (לבנון)	point	33.268071	35.209358				
162	צור החדשה	/TEI[1]/text[1]/body[1]/ab[1]/seg[66]/placeName[4]	7	9	http://geo-kima.org/place/14095	14095	Tyre (Lebanon)	צור (לבנון)	point	33.268071	35.209358				
163	אקרי	/TEI[1]/text[1]/body[1]/ab[1]/seg[67]/placeName[1]	7	10	http://geo-kima.org/place/71	71	Acre (Israel)	עכו (ישראל)	point	32.920744	35.068626				
164	עכו|	/TEI[1]/text[1]/body[1]/ab[1]/seg[67]/placeName[2]	7	10	http://geo-kima.org/place/71	71	Acre (Israel)	עכו (ישראל)	point	32.920744	35.068626				
165	ארץ ישראל		7		http://geo-kima.org/place/2501	2501		ארץ ישראל	polygon						
166	קדומים		8	11	http://geo-kima.org/Places/Details?id=21499	21499	Na'aman River (Israel)	נחל נעמן (ישראל)	line						
167	כיפש		8	12	http://geo-kima.org/Places/Details?id=791	791	Haifa (Israel)	חיפה (ישראל)	point	32.8	34.98333333				
168	גת החפר		8	12	http://geo-kima.org/Places/Details?id=791	791	Haifa (Israel)	חיפה (ישראל)	point	32.8	34.98333333				
169	הר הכרמל		8		http://geo-kima.org/Places/Details?id=1156	1156	Karmel, Mount (Israel)	הר הכרמל (ישראל)	point	32.6725	35.023333				
170	מערת אליהו		8		http://geo-kima.org/Places/Details?id=26255	26255	Elijah's Cave (Haifa, Israel)	מערת אליהו (חיפה, ישראל)	point	32.829729	34.967766				
171	שנט אליש		8						point	32.829729	34.967766				