sentence	text	Column 1	placeLemma
0	סבוב הרב רבי פתחיה מרעגנשפורג.	סבוב	
0		הרב	
0		רבי	
0		פתחיה	
0		מרעגנשפורג	
0		.	
1	אלה הסבובים אשר סבב רבי פתחיה שסבב את כל הארצות:	אלה	
1		הסבובים	
1		אשר	
1		סבב	
1		רבי	
1		פתחיה	
1		שסבב	
1		את	
1		כל	
1		הארצות	
1		:	
2	ובתחלה הלך מפראג שבביהם לפולין.	ובתחלה	
2		הלך	
2		מפראג	
2		שבביהם	
2		לפולין	
2		.	
3	ומפולין לקיוב שברוסייא.	ומפולין	
3		לקיוב	
3		שברוסייא	
3		.	
4	ומרוסייא הלך בששה ימים עד על נהר דנפרא.	ומרוסייא	
4		הלך	
4		בששה	
4		ימים	
4		עד	
4		על	
4		נהר	
4		דנפרא	
4		.	
5	ומעבר הנהר התחיל לילך בארץ קדר:	ומעבר	
5		הנהר	
5		התחיל	
5		לילך	
5		בארץ	
5		קדר	
5		:	
6	ואין להם ספינות.	ואין	
6		להם	
6		ספינות	
6		.	
7	אלא תופרין עשר עורות סוסים שטוחין.	אלא	
7		תופרין	
7		עשר	
7		עורות	
7		סוסים	
7		שטוחין	
7		.	
8	ורצועה אחת בשפה סביב.	ורצועה	
8		אחת	
8		בשפה	
8		סביב	
8		.	
9	ויושבין והעגלות וכל המשא בתוך העורות וקושרין רצועה שבשפת העורות בזנבות הסוסים, והסוסים שטין.	ויושבין	
9		והעגלות	
9		וכל	
9		המשא	
9		בתוך	
9		העורות	
9		וקושרין	
9		רצועה	
9		שבשפת	
9		העורות	
9		בזנבות	
9		הסוסים	
9		,	
9		והסוסים	
9		שטין	
9		.	
10	וכן עוברין את המים:	וכן	
10		עוברין	
10		את	
10		המים	
10		:	
11	ובארץ קדר אין אוכלין את הלחם.	ובארץ	
11		קדר	
11		אין	
11		אוכלין	
11		את	
11		הלחם	
11		.	
12	אלא אורז ודוחן מבושל בחלב וחלב וגבינה:	אלא	
12		אורז	
12		ודוחן	
12		מבושל	
12		בחלב	
12		וחלב	
12		וגבינה	
12		:	
13	וחתיכות בשר משימין תחתיהן על הסוס תחת האוכף.	וחתיכות	
13		בשר	
13		משימין	
13		תחתיהן	
13		על	
13		הסוס	
13		תחת	
13		האוכף	
13		.	
14	ומייגעין את הסוס ומזיע.	ומייגעין	
14		את	
14		הסוס	
14		ומזיע	
14		.	
15	והבשר חם ואוכלין את הבשר:	והבשר	
15		חם	
15		ואוכלין	
15		את	
15		הבשר	
15		:	
16	ואין הולכין בארץ קדר כי אם על ידי תיור:	ואין	
16		הולכין	
16		בארץ	
16		קדר	
16		כי	
16		אם	
16		על	
16		ידי	
16		תיור	
16		:	
17	וכך נשבעין אחד מבני קדר לחבירו:	וכך	
17		נשבעין	
17		אחד	
17		מבני	
17		קדר	
17		לחבירו	
17		:	
18	נועץ מחט באצבעו.	נועץ	
18		מחט	
18		באצבעו	
18		.	
19	ונותן לאותו שיש ללכת עמו בדרך לבלוע הדם.	ונותן	
19		לאותו	
19		שיש	
19		ללכת	
19		עמו	
19		בדרך	
19		לבלוע	
19		הדם	
19		.	
20	והוא לו כדמו ובשרו:	והוא	
20		לו	
20		כדמו	
20		ובשרו	
20		:	
21	ועוד שבועה אחרת.	ועוד	
21		שבועה	
21		אחרת	
21		.	
22	הם ממלאין כלי נחושת של מתכות כמו פרצוף.	הם	
22		ממלאין	
22		כלי	
22		נחושת	
22		של	
22		מתכות	
22		כמו	
22		פרצוף	
22		.	
23	ושותין שניהם המתייר וההולך עמו.	ושותין	
23		שניהם	
23		המתייר	
23		וההולך	
23		עמו	
23		.	
24	ולא ישקר לו לעולם:	ולא	
24		ישקר	
24		לו	
24		לעולם	
24		:	
25	ואין להם מלך.	ואין	
25		להם	
25		מלך	
25		.	
26	אלא נשיאים ומשפחות:	אלא	
26		נשיאים	
26		ומשפחות	
26		:	
27	ועבר רבי פתחיה את ארץ קדר לרחבה בששה עשר ימים:	ועבר	
27		רבי	
27		פתחיה	
27		את	
27		ארץ	
27		קדר	
27		לרחבה	
27		בששה	
27		עשר	
27		ימים	
27		:	
28	ויושבי אוהלין הם.	ויושבי	
28		אוהלין	
28		הם	
28		.	
29	והם רואים למרחוק.	והם	
29		רואים	
29		למרחוק	
29		.	
30	ועיניהם יפים.	ועיניהם	
30		יפים	
30		.	
31	מפני שאינם אוכלים מלח והונים בעשבים שנותנים ריח טוב.	מפני	
31		שאינם	
31		אוכלים	
31		מלח	
31		והונים	
31		בעשבים	
31		שנותנים	
31		ריח	
31		טוב	
31		.	
32	ובעלי חצים הם.	ובעלי	
32		חצים	
32		הם	
32		.	
33	ומורים את העוף בהדי דקא פרח.	ומורים	
33		את	
33		העוף	
33		בהדי	
33		דקא	
33		פרח	
33		.	
34	ורואין יותר ממהלך יום ומכירין ואין להם הרים אלא הכל גיא:	ורואין	
34		יותר	
34		ממהלך	
34		יום	
34		ומכירין	
34		ואין	
34		להם	
34		הרים	
34		אלא	
34		הכל	
34		גיא	
34		:	
35	ומהלך יום אחר ארץ קדר הולך לשון ים.	ומהלך	
35		יום	
35		אחר	
35		ארץ	
35		קדר	
35		הולך	
35		לשון	
35		ים	
35		.	
36	ומפסיק בין ארץ קדר ובין ארץ כזריא:	ומפסיק	
36		בין	
36		ארץ	
36		קדר	
36		ובין	
36		ארץ	
36		כזריא	
36		:	
37	ושם מנהג שהנשים מספידות ומיללות כל היום וכל הלילה את אבותיהן שמתו ואת אמותיהן.	ושם	
37		מנהג	
37		שהנשים	
37		מספידות	
37		ומיללות	
37		כל	
37		היום	
37		וכל	
37		הלילה	
37		את	
37		אבותיהן	
37		שמתו	
37		ואת	
37		אמותיהן	
37		.	
38	וכן עושין עד שימותו מבניהם או מבנותיהם או מן המשפחה.	וכן	
38		עושין	
38		עד	
38		שימותו	
38		מבניהם	
38		או	
38		מבנותיהם	
38		או	
38		מן	
38		המשפחה	
38		.	
39	והאחרונים מספידים את הראשונים שמתו.	והאחרונים	
39		מספידים	
39		את	
39		הראשונים	
39		שמתו	
39		.	
40	ומלמדין את בנותיהן קינה.	ומלמדין	
40		את	
40		בנותיהן	
40		קינה	
40		.	
41	ובלילה מתאנחות ומיללות.	ובלילה	
41		מתאנחות	
41		ומיללות	
41		.	
42	והכלבים בוכין וצועקין לקולן:	והכלבים	
42		בוכין	
42		וצועקין	
42		לקולן	
42		:	
43	והלך כשמונה ימים:	והלך	
43		כשמונה	
43		ימים	
43		:	
44	ובסוף ארץ כזריא שבעה עשר נהרות יסובבונהו ושם מתקבצים.	ובסוף	
44		ארץ	
44		כזריא	
44		שבעה	
44		עשר	
44		נהרות	
44		יסובבונהו	
44		ושם	
44		מתקבצים	
44		.	
45	וכל הרוצה לילך בספינה למרחוק יבא שמה:	וכל	
45		הרוצה	
45		לילך	
45		בספינה	
45		למרחוק	
45		יבא	
45		שמה	
45		:	
46	ויש שם ים שמעלה סרחון גדול משם לצד אחד, ולצד אחר יש שאינו מסריח.	ויש	
46		שם	
46		ים	
46		שמעלה	
46		סרחון	
46		גדול	
46		משם	
46		לצד	
46		אחד	
46		,	
46		ולצד	
46		אחר	
46		יש	
46		שאינו	
46		מסריח	
46		.	
47	והוא כמהלך יום בין שני ימים:	והוא	
47		כמהלך	
47		יום	
47		בין	
47		שני	
47		ימים	
47		:	
48	ואם עבר אדם ים של סרחון מיד מת.	ואם	
48		עבר	
48		אדם	
48		ים	
48		של	
48		סרחון	
48		מיד	
48		מת	
48		.	
49	וכשהרוח בא מים שמסריח לים שאינו מסריח רבים ימותו.	וכשהרוח	
49		בא	
49		מים	
49		שמסריח	
49		לים	
49		שאינו	
49		מסריח	
49		רבים	
49		ימותו	
49		.	
50	ואין הולכין אלא כשהרוח נוטה לצד אחר:	ואין	
50		הולכין	
50		אלא	
50		כשהרוח	
50		נוטה	
50		לצד	
50		אחר	
50		:	
51	ועבר רבי פתחיה בארץ תורגמה.	ועבר	
51		רבי	
51		פתחיה	
51		בארץ	
51		תורגמה	
51		.	
52	ומשם והלאה מאמינים כחוקת מחמט.	ומשם	
52		והלאה	
52		מאמינים	
52		כחוקת	
52		מחמט	
52		.	
53	ומתוגרמה נכנס בארץ אררט:	ומתוגרמה	
53		נכנס	
53		בארץ	
53		אררט	
53		:	
54	ובשמונה ימים הלך עד נציבין.	ובשמונה	
54		ימים	
54		הלך	
54		עד	
54		נציבין	
54		.	
55	ועזב הרים גבוהים הרי אררט לימין:	ועזב	
55		הרים	
55		גבוהים	
55		הרי	
55		אררט	
55		לימין	
55		:	
56	ובארץ קדר אין יהודים.	ובארץ	
56		קדר	
56		אין	
56		יהודים	
56		.	
57	ויש שם מינים:	ויש	
57		שם	
57		מינים	
57		:	
58	ואמר להם הרב רבי פתחיה למה אינכם מאמינים בדברי חכמים.	ואמר	
58		להם	
58		הרב	
58		רבי	
58		פתחיה	
58		למה	
58		אינכם	
58		מאמינים	
58		בדברי	
58		חכמים	
58		.	
59	ואמרו בשביל שלא למדום אבותינו:	ואמרו	
59		בשביל	
59		שלא	
59		למדום	
59		אבותינו	
59		:	
60	ובערב שבת חותכין כל הלחם שאוכלין בשבת.	ובערב	
60		שבת	
60		חותכין	
60		כל	
60		הלחם	
60		שאוכלין	
60		בשבת	
60		.	
61	ואוכלין בחושך.	ואוכלין	
61		בחושך	
61		.	
62	ויושבין במקום אחד כל היום.	ויושבין	
62		במקום	
62		אחד	
62		כל	
62		היום	
62		.	
63	ואינם מתפללים אלא מזמורים:	ואינם	
63		מתפללים	
63		אלא	
63		מזמורים	
63		:	
64	וכשסיפר להם הרב רבי פתחיה התפלה שלנו וברכת המזון.	וכשסיפר	
64		להם	
64		הרב	
64		רבי	
64		פתחיה	
64		התפלה	
64		שלנו	
64		וברכת	
64		המזון	
64		.	
65	היה טוב בעיניהם:	היה	
65		טוב	
65		בעיניהם	
65		:	
66	ואמרו לא שמענו מעולם מה הוא תלמוד:	ואמרו	
66		לא	
66		שמענו	
66		מעולם	
66		מה	
66		הוא	
66		תלמוד	
66		:	
67	ובארץ אררט הלך בהרי אררט עד נציבין ועד עיר חוסן כיפא (פירוש:	ובארץ	
67		אררט	
67		הלך	
67		בהרי	
67		אררט	
67		עד	
67		נציבין	
67		ועד	
67		עיר	
67		חוסן	
67		כיפא	
67		(	
67		פירוש	
67		:	
68	חוסן סלע גדול):	חוסן	
68		סלע	
68		גדול	
68		)	
68		:	
69	ובסוף של הרי אררט הלך יומים לצד שכנגדו:	ובסוף	
69		של	
69		הרי	
69		אררט	
69		הלך	
69		יומים	
69		לצד	
69		שכנגדו	
69		:	
70	ובנציבין יש קהילה גדולה.	ובנציבין	
70		יש	
70		קהילה	
70		גדולה	
70		.	
71	ובית הכנסת של רבי יהודה בן בתירה ושתי בתי כנסיות שבנה עזרא הסופר.	ובית	
71		הכנסת	
71		של	
71		רבי	
71		יהודה	
71		בן	
71		בתירה	
71		ושתי	
71		בתי	
71		כנסיות	
71		שבנה	
71		עזרא	
71		הסופר	
71		.	
72	ויש באחת אבן אדומה קבועה בכותל.	ויש	
72		באחת	
72		אבן	
72		אדומה	
72		קבועה	
72		בכותל	
72		.	
73	שהביא עמו שלקח מאבני בית המקדש.	שהביא	
73		עמו	
73		שלקח	
73		מאבני	
73		בית	
73		המקדש	
73		.	
74	ומנציבין ואילך ארץ אשור:	ומנציבין	
74		ואילך	
74		ארץ	
74		אשור	
74		:	
75	וכזריא לשון אחד.	וכזריא	
75		לשון	
75		אחד	
75		.	
76	ותוגרמה לשון אחד.	ותוגרמה	
76		לשון	
76		אחד	
76		.	
77	ונותנין מס למלך יון.	ונותנין	
77		מס	
77		למלך	
77		יון	
77		.	
78	וקדר לשון אחר:	וקדר	
78		לשון	
78		אחר	
78		:	
79	ומנציבין הלך בשמונה ימים לנינוה החדשה.	ומנציבין	
79		הלך	
79		בשמונה	
79		ימים	
79		לנינוה	
79		החדשה	
79		.	
80	ונהר חדקל הולך לפני נינוה:	ונהר	
80		חדקל	
80		הולך	
80		לפני	
80		נינוה	
80		:	
81	ומעבר הנהר הלך לצד אחר מהלך שלשה ימים.	ומעבר	
81		הנהר	
81		הלך	
81		לצד	
81		אחר	
81		מהלך	
81		שלשה	
81		ימים	
81		.	
82	היא נינוה הישנה.	היא	
82		נינוה	
82		הישנה	
82		.	
83	והיא שממה:	והיא	
83		שממה	
83		:	
84	וכל ארץ נינוה שחורה כזפת.	וכל	
84		ארץ	
84		נינוה	
84		שחורה	
84		כזפת	
84		.	
85	ובמקום העיקר של נינוה שהיה היער נהפך כסדום.	ובמקום	
85		העיקר	
85		של	
85		נינוה	
85		שהיה	
85		היער	
85		נהפך	
85		כסדום	
85		.	
86	ואין בו עשב וצמח.	ואין	
86		בו	
86		עשב	
86		וצמח	
86		.	
87	ונינוה החדשה כנגדה מעבר השני:	ונינוה	
87		החדשה	
87		כנגדה	
87		מעבר	
87		השני	
87		:	
88	ובנינוה החדשה יש קהל גדול כששת אלפים ויותר, ושני נשיאים בה.	ובנינוה	
88		החדשה	
88		יש	
88		קהל	
88		גדול	
88		כששת	
88		אלפים	
88		ויותר	
88		,	
88		ושני	
88		נשיאים	
88		בה	
88		.	
89	אחד שמו רבי דוד ואחד שמו רבי שמואל.	אחד	
89		שמו	
89		רבי	
89		דוד	
89		ואחד	
89		שמו	
89		רבי	
89		שמואל	
89		.	
90	והם שני בני אחים והם מזרע דוד המלך:	והם	
90		שני	
90		בני	
90		אחים	
90		והם	
90		מזרע	
90		דוד	
90		המלך	
90		:	
91	וכל אדם נותן זהוב לשנה מגלגולת.	וכל	
91		אדם	
91		נותן	
91		זהוב	
91		לשנה	
91		מגלגולת	
91		.	
92	ומה שבא מהיהודים חציו לשלטון המלך.	ומה	
92		שבא	
92		מהיהודים	
92		חציו	
92		לשלטון	
92		המלך	
92		.	
93	אלא שאין קורין אותו מלך כי אם שלטון.	אלא	
93		שאין	
93		קורין	
93		אותו	
93		מלך	
93		כי	
93		אם	
93		שלטון	
93		.	
94	10 והוא תחת מלך בבל.	10	
94		והוא	
94		תחת	
94		מלך	
94		בבל	
94		.	
95	וחצי המס לנשיאין:	וחצי	
95		המס	
95		לנשיאין	
95		:	
96	ויש להם שדות וכרמים:	ויש	
96		להם	
96		שדות	
96		וכרמים	
96		:	
97	ואין באותן הארצות חזנים.	ואין	
97		באותן	
97		הארצות	
97		חזנים	
97		.	
98	וגם בארץ פרס ומדי ובדמשק ובכל אותן הארצות אין להם חזנים.	וגם	
98		בארץ	
98		פרס	
98		ומדי	
98		ובדמשק	
98		ובכל	
98		אותן	
98		הארצות	
98		אין	
98		להם	
98		חזנים	
98		.	
99	"אלא יש לנשיאים אוכלי שולחנם ת""ח רבים."	אלא	
99		יש	
99		לנשיאים	
99		אוכלי	
99		שולחנם	
99		"ת""ח"	
99		רבים	
99		.	
100	פעמים אומר לזה להתפלל ופעמים אומר לזה להתפלל:	פעמים	
100		אומר	
100		לזה	
100		להתפלל	
100		ופעמים	
100		אומר	
100		לזה	
100		להתפלל	
100		:	
101	ויש להנשיא בית הסוהר, וחובש בו את הרשעים:	ויש	
101		להנשיא	
101		בית	
101		הסוהר	
101		,	
101		וחובש	
101		בו	
101		את	
101		הרשעים	
101		:	
102	אם גוי ויהודי מתקוטטים יחד.	אם	
102		גוי	
102		ויהודי	
102		מתקוטטים	
102		יחד	
102		.	
103	אם היהודי חייב חובשו.	אם	
103		היהודי	
103		חייב	
103		חובשו	
103		.	
104	ואם הישמעאלי חייב חובשו:	ואם	
104		הישמעאלי	
104		חייב	
104		חובשו	
104		:	
105	ורבי פתחיה היה חולה בנינוה.	ורבי	
105		פתחיה	
105		היה	
105		חולה	
105		בנינוה	
105		.	
106	ואמרו הרופאים של המלך שלא יחיה.	ואמרו	
106		הרופאים	
106		של	
106		המלך	
106		שלא	
106		יחיה	
106		.	
107	ומנהג שם כל יהודי אורח שימות.	ומנהג	
107		שם	
107		כל	
107		יהודי	
107		אורח	
107		שימות	
107		.	
108	חצי הממון לוקח השלטון:	חצי	
108		הממון	
108		לוקח	
108		השלטון	
108		:	
109	ומפני שרבי פתחיה היה לבוש בגדים נאים אמרו עשיר הוא.	ומפני	
109		שרבי	
109		פתחיה	
109		היה	
109		לבוש	
109		בגדים	
109		נאים	
109		אמרו	
109		עשיר	
109		הוא	
109		.	
110	וסופרי השלטון היו שם לקחת הממון כשימות:	וסופרי	
110		השלטון	
110		היו	
110		שם	
110		לקחת	
110		הממון	
110		כשימות	
110		:	
111	ואמר הרב רבי פתחיה להעבירו כל כך חולה את הנהר חדקל:	ואמר	
111		הרב	
111		רבי	
111		פתחיה	
111		להעבירו	
111		כל	
111		כך	
111		חולה	
111		את	
111		הנהר	
111		חדקל	
111		:	
112	והנהר רחב.	והנהר	
112		רחב	
112		.	
113	ואין עוברין אותו בספינה.	ואין	
113		עוברין	
113		אותו	
113		בספינה	
113		.	
114	כי הנהר חדקל חד וקל ומהפך הספינה.	כי	
114		הנהר	
114		חדקל	
114		חד	
114		וקל	
114		ומהפך	
114		הספינה	
114		.	
115	אלא עושים קנים רפסודות שקורין ולו״ס.	אלא	
115		עושים	
115		קנים	
115		רפסודות	
115		שקורין	
115		ולו״ס	
115		.	
116	ועליהם המשא והאדם:	ועליהם	
116		המשא	
116		והאדם	
116		:	
117	והמים בריאים.	והמים	
117		בריאים	
117		.	
118	ומיד נתרפא:	ומיד	
118		נתרפא	
118		:	
119	ובנינוה היה פיל:	ובנינוה	
119		היה	
119		פיל	
119		:	
120	ואין ראשו בולט חוץ.	ואין	
120		ראשו	
120		בולט	
120		חוץ	
120		.	
121	והוא 12 גדול ואוכל כשתי עגלות תבן בפעם אחת:	והוא	
121		12	
121		גדול	
121		ואוכל	
121		כשתי	
121		עגלות	
121		תבן	
121		בפעם	
121		אחת	
121		:	
122	ופיו בחזה.	ופיו	
122		בחזה	
122		.	
123	וכשחפץ לאכול מוציא שפתו כאמתיים.	וכשחפץ	
123		לאכול	
123		מוציא	
123		שפתו	
123		כאמתיים	
123		.	
124	ובה מקבץ התבן ומכניס בפיו:	ובה	
124		מקבץ	
124		התבן	
124		ומכניס	
124		בפיו	
124		:	
125	וכשנתחייב אדם לשלטון הריגה.	וכשנתחייב	
125		אדם	
125		לשלטון	
125		הריגה	
125		.	
126	אומרים לפיל, זה נתחייב.	אומרים	
126		לפיל	
126		,	
126		זה	
126		נתחייב	
126		.	
127	והוא יקחהו בשפתו ומשליכו למעלה וממיתו:	והוא	
127		יקחהו	
127		בשפתו	
127		ומשליכו	
127		למעלה	
127		וממיתו	
127		:	
128	וכמו שאדם עושה ביד כך הוא עושה בשפתו.	וכמו	
128		שאדם	
128		עושה	
128		ביד	
128		כך	
128		הוא	
128		עושה	
128		בשפתו	
128		.	
129	ומשונה ומפואר הוא:	ומשונה	
129		ומפואר	
129		הוא	
129		:	
130	ועל הפיל בניין עיר.	ועל	
130		הפיל	
130		בניין	
130		עיר	
130		.	
131	ושנים עשר פרשים עליו עם שריונים.	ושנים	
131		עשר	
131		פרשים	
131		עליו	
131		עם	
131		שריונים	
131		.	
132	ומוציא שפתו ועולין בו כגשר:	ומוציא	
132		שפתו	
132		ועולין	
132		בו	
132		כגשר	
132		:	
133	ובנינוה היה איש חוזה בכוכבים ושמו רבי שלמה.	ובנינוה	
133		היה	
133		איש	
133		חוזה	
133		בכוכבים	
133		ושמו	
133		רבי	
133		שלמה	
133		.	
134	ובנינוה ובכל ארץ אשור ובכל החכמים אין כמוהו בקי במזלות:	ובנינוה	
134		ובכל	
134		ארץ	
134		אשור	
134		ובכל	
134		החכמים	
134		אין	
134		כמוהו	
134		בקי	
134		במזלות	
134		:	
135	ושאל לו רבי פתחיה מתי יבא משיח.	ושאל	
135		לו	
135		רבי	
135		פתחיה	
135		מתי	
135		יבא	
135		משיח	
135		.	
136	ואמר לו כבר ראיתי במזלות כמה פעמים בבירור:	ואמר	
136		לו	
136		כבר	
136		ראיתי	
136		במזלות	
136		כמה	
136		פעמים	
136		בבירור	
136		:	
137	אבל רבי יהודה החסיד לא רצה לכתבו.	אבל	
137		רבי	
137		יהודה	
137		החסיד	
137		לא	
137		רצה	
137		לכתבו	
137		.	
138	פן יחשדוחו שהוא מאמין בדברי רבי שלמה:	פן	
138		יחשדוחו	
138		שהוא	
138		מאמין	
138		בדברי	
138		רבי	
138		שלמה	
138		:	
139	ועבר את חדקל.	ועבר	
139		את	
139		חדקל	
139		.	
140	וירד במורד המים בחמשה עשר יום עד גן של ראש הישיבה שבבבל:	וירד	
140		במורד	
140		המים	
140		בחמשה	
140		עשר	
140		יום	
140		עד	
140		גן	
140		של	
140		ראש	
140		הישיבה	
140		שבבבל	
140		:	
141	והולכין בחדש אחד:	והולכין	
141		בחדש	
141		אחד	
141		:	
142	ומנינוה ואילך קהילות בכל עיר ועיר ובכפר:	ומנינוה	
142		ואילך	
142		קהילות	
142		בכל	
142		עיר	
142		ועיר	
142		ובכפר	
142		:	
143	ובא לגן אחד של ראש הישיבה.	ובא	
143		לגן	
143		אחד	
143		של	
143		ראש	
143		הישיבה	
143		.	
144	ובגן כל מיני פירות:	ובגן	
144		כל	
144		מיני	
144		פירות	
144		:	
145	והגן גדול מאוד ובו דודאים.	והגן	
145		גדול	
145		מאוד	
145		ובו	
145		דודאים	
145		.	
146	ופרצוף אדם להם ועשבים שלהם רחבים:	ופרצוף	
146		אדם	
146		להם	
146		ועשבים	
146		שלהם	
146		רחבים	
146		:	
147	14 ומשם ואילך הלך ביום אחד עד בגדת בבבל:	14	
147		ומשם	
147		ואילך	
147		הלך	
147		ביום	
147		אחד	
147		עד	
147		בגדת	
147		בבבל	
147		:	
148	ואין אדם עולה בנהר חדקל מפני שחדים ועזים.	ואין	
148		אדם	
148		עולה	
148		בנהר	
148		חדקל	
148		מפני	
148		שחדים	
148		ועזים	
148		.	
149	אלא בגמלין ובפרדות ביבשה.	אלא	
149		בגמלין	
149		ובפרדות	
149		ביבשה	
149		.	
150	וקושרין הנודות אחורי הגמל:	וקושרין	
150		הנודות	
150		אחורי	
150		הגמל	
150		:	
151	ובגדת היא עיר מלוכה.	ובגדת	
151		היא	
151		עיר	
151		מלוכה	
151		.	
152	ובה חליפי השלטון.	ובה	
152		חליפי	
152		השלטון	
152		.	
153	הוא המלך הגדול המושל ושולט על כל העמים:	הוא	
153		המלך	
153		הגדול	
153		המושל	
153		ושולט	
153		על	
153		כל	
153		העמים	
153		:	
154	ובגדת גדולה מאוד יותר ממהלך יום מראש עד סוף.	ובגדת	
154		גדולה	
154		מאוד	
154		יותר	
154		ממהלך	
154		יום	
154		מראש	
154		עד	
154		סוף	
154		.	
155	ובהיקף יותר משלשה ימים:	ובהיקף	
155		יותר	
155		משלשה	
155		ימים	
155		:	
156	ובעיר בגדת אלף יהודים.	ובעיר	
156		בגדת	
156		אלף	
156		יהודים	
156		.	
157	והולכים בסודרים:	והולכים	
157		בסודרים	
157		:	
158	ואין אדם רואה שום אשה שם:	ואין	
158		אדם	
158		רואה	
158		שום	
158		אשה	
158		שם	
158		:	
159	ואין שום אחד מהם הולך לבית חבירו.	ואין	
159		שום	
159		אחד	
159		מהם	
159		הולך	
159		לבית	
159		חבירו	
159		.	
160	שמא יראה אשת חבירו.	שמא	
160		יראה	
160		אשת	
160		חבירו	
160		.	
161	ומיד היה אומר לו פריץ למה באת.	ומיד	
161		היה	
161		אומר	
161		לו	
161		פריץ	
161		למה	
161		באת	
161		.	
162	אלא מכה בבדיל.	אלא	
162		מכה	
162		בבדיל	
162		.	
163	והוא יוצא ומדבר עמו:	והוא	
163		יוצא	
163		ומדבר	
163		עמו	
163		:	
164	והם מעוטפים בטליתות של צמר וציצית.	והם	
164		מעוטפים	
164		בטליתות	
164		של	
164		צמר	
164		וציצית	
164		.	
165	והולכים בהם:	והולכים	
165		בהם	
165		:	
166	וראש ישיבה בבגדת רבי שמואל הלוי כן עלי ראש ישיבה.	וראש	
166		ישיבה	
166		בבגדת	
166		רבי	
166		שמואל	
166		הלוי	
166		כן	
166		עלי	
166		ראש	
166		ישיבה	
166		.	
167	והוא שר ומלא חכמה בתורה שבכתב ותורה שבעל פה וכל חכמת מצרים.	והוא	
167		שר	
167		ומלא	
167		חכמה	
167		בתורה	
167		שבכתב	
167		ותורה	
167		שבעל	
167		פה	
167		וכל	
167		חכמת	
167		מצרים	
167		.	
168	ואין דבר נעלם ממנו.	ואין	
168		דבר	
168		נעלם	
168		ממנו	
168		.	
169	ויודע שמות.	ויודע	
169		שמות	
169		.	
170	וכל התלמוד יודע בגירסא:	וכל	
170		התלמוד	
170		יודע	
170		בגירסא	
170		:	
171	ואין עם הארץ בכל ארץ בבל ובארץ אשור ובארץ מדי ופרס.	ואין	
171		עם	
171		הארץ	
171		בכל	
171		ארץ	
171		בבל	
171		ובארץ	
171		אשור	
171		ובארץ	
171		מדי	
171		ופרס	
171		.	
172	שלא יודע כל עשרים וארבעה ספרים וניקוד ודיוק וחסירות ויתירות.	שלא	
172		יודע	
172		כל	
172		עשרים	
172		וארבעה	
172		ספרים	
172		וניקוד	
172		ודיוק	
172		וחסירות	
172		ויתירות	
172		.	
173	כי החזן אינו קורא בתורה אלא מי שיעמוד לספר תורה הוא קורא:	כי	
173		החזן	
173		אינו	
173		קורא	
173		בתורה	
173		אלא	
173		מי	
173		שיעמוד	
173		לספר	
173		תורה	
173		הוא	
173		קורא	
173		:	
174	16 ויש לראש ישיבה כאלפים תלמידים בפעם אחת.	16	
174		ויש	
174		לראש	
174		ישיבה	
174		כאלפים	
174		תלמידים	
174		בפעם	
174		אחת	
174		.	
175	וסביביו כחמש מאות ויותר וכולם מבינים בטוב:	וסביביו	
175		כחמש	
175		מאות	
175		ויותר	
175		וכולם	
175		מבינים	
175		בטוב	
175		:	
176	וקודם שידעו לומדין בעיר לפני לומדים אחרים.	וקודם	
176		שידעו	
176		לומדין	
176		בעיר	
176		לפני	
176		לומדים	
176		אחרים	
176		.	
177	וכשיודעים אז יבואו לפני ראש הישיבה:	וכשיודעים	
177		אז	
177		יבואו	
177		לפני	
177		ראש	
177		הישיבה	
177		:	
178	ורבי אליעזר הוא ראש הגולה.	ורבי	
178		אליעזר	
178		הוא	
178		ראש	
178		הגולה	
178		.	
179	ותחתיו ראש הישיבה:	ותחתיו	
179		ראש	
179		הישיבה	
179		:	
180	ובית גדול יש לראש הישיבה.	ובית	
180		גדול	
180		יש	
180		לראש	
180		הישיבה	
180		.	
181	ומחופה במעילים.	ומחופה	
181		במעילים	
181		.	
182	והוא מלובש בגדי זהב.	והוא	
182		מלובש	
182		בגדי	
182		זהב	
182		.	
183	והואא יושב למעלה.	והואא	
183		יושב	
183		למעלה	
183		.	
184	והתלמידים יושבים על הקרקע:	והתלמידים	
184		יושבים	
184		על	
184		הקרקע	
184		:	
185	והוא אומר למתורגמן.	והוא	
185		אומר	
185		למתורגמן	
185		.	
186	והמתורגמן אומר לתלמידים:	והמתורגמן	
186		אומר	
186		לתלמידים	
186		:	
187	והתלמידים שואלין מן המתורגמן.	והתלמידים	
187		שואלין	
187		מן	
187		המתורגמן	
187		.	
188	ואם אינו יודע ישאל המתורגמן לראש הישיבה:	ואם	
188		אינו	
188		יודע	
188		ישאל	
188		המתורגמן	
188		לראש	
188		הישיבה	
188		:	
189	ומתורגמן אחד אומר לצד אחד מסכתא אחת.	ומתורגמן	
189		אחד	
189		אומר	
189		לצד	
189		אחד	
189		מסכתא	
189		אחת	
189		.	
190	ומתורגמן אחר אומר מסכתא אחרת לצד אחר:	ומתורגמן	
190		אחר	
190		אומר	
190		מסכתא	
190		אחרת	
190		לצד	
190		אחר	
190		:	
191	וכל התלמוד בניגון.	וכל	
191		התלמוד	
191		בניגון	
191		.	
192	ואחר שגורסין מפרש להם:	ואחר	
192		שגורסין	
192		מפרש	
192		להם	
192		:	
193	ושנה אחת קודם שבא הרב רבי פתחיה מת רבי דניאל ראש הגולה:	ושנה	
193		אחת	
193		קודם	
193		שבא	
193		הרב	
193		רבי	
193		פתחיה	
193		מת	
193		רבי	
193		דניאל	
193		ראש	
193		הגולה	
193		:	
194	והוא יותר שר מראש הישיבה:	והוא	
194		יותר	
194		שר	
194		מראש	
194		הישיבה	
194		:	
195	ולכלם יש ספר היחס עד השבטים.	ולכלם	
195		יש	
195		ספר	
195		היחס	
195		עד	
195		השבטים	
195		.	
196	ורבי דניאל היה מבית דוד:	ורבי	
196		דניאל	
196		היה	
196		מבית	
196		דוד	
196		:	
197	ואין המלך נותן להם ראש הגולה אלא על פי שרי היהודים:	ואין	
197		המלך	
197		נותן	
197		להם	
197		ראש	
197		הגולה	
197		אלא	
197		על	
197		פי	
197		שרי	
197		היהודים	
197		:	
198	ואין שם הראוי להיות ראש גולה אלא אותן שני נשיאים מבית דוד, ומקצת השרים בוחרים ברבי דוד.	ואין	
198		שם	
198		הראוי	
198		להיות	
198		ראש	
198		גולה	
198		אלא	
198		אותן	
198		שני	
198		נשיאים	
198		מבית	
198		דוד	
198		,	
198		ומקצת	
198		השרים	
198		בוחרים	
198		ברבי	
198		דוד	
198		.	
199	ומקצת ברבי שמואל:	ומקצת	
199		ברבי	
199		שמואל	
199		:	
200	ועדיין לא הושוו, והם 18 תלמידי חכמים:	ועדיין	
200		לא	
200		הושוו	
200		,	
200		והם	
200		18	
200		תלמידי	
200		חכמים	
200		:	
201	ולרבי דניאל לא היו בנים כי אם בנות:	ולרבי	
201		דניאל	
201		לא	
201		היו	
201		בנים	
201		כי	
201		אם	
201		בנות	
201		:	
202	ורבי שמואל יש לו ספר היחס שלו עד שמואל הרמתי בן אלקנה:	ורבי	
202		שמואל	
202		יש	
202		לו	
202		ספר	
202		היחס	
202		שלו	
202		עד	
202		שמואל	
202		הרמתי	
202		בן	
202		אלקנה	
202		:	
203	ואין לו בנים אלא בת אחת:	ואין	
203		לו	
203		בנים	
203		אלא	
203		בת	
203		אחת	
203		:	
204	והיא בקיאה בקרייה ובתלמוד והיא מלמדת הקרייה לבחורים דרך חלון אחד.	והיא	
204		בקיאה	
204		בקרייה	
204		ובתלמוד	
204		והיא	
204		מלמדת	
204		הקרייה	
204		לבחורים	
204		דרך	
204		חלון	
204		אחד	
204		.	
205	והיא סגורה בבנין.	והיא	
205		סגורה	
205		בבנין	
205		.	
206	והתלמידים בחוץ למטה ואינם רואים אותה:	והתלמידים	
206		בחוץ	
206		למטה	
206		ואינם	
206		רואים	
206		אותה	
206		:	
207	ובכל ארץ אשור ובדמשק בערי פרס ומדי ובארץ בבל אין להם דיין אלא מי שמוסר רבי שמואל ראש ישיבה:	ובכל	
207		ארץ	
207		אשור	
207		ובדמשק	
207		בערי	
207		פרס	
207		ומדי	
207		ובארץ	
207		בבל	
207		אין	
207		להם	
207		דיין	
207		אלא	
207		מי	
207		שמוסר	
207		רבי	
207		שמואל	
207		ראש	
207		ישיבה	
207		:	
208	ונותן רשות בכל עיר לדון ולהורות.	ונותן	
208		רשות	
208		בכל	
208		עיר	
208		לדון	
208		ולהורות	
208		.	
209	וחותמו הולך בכל הארצות ובארץ ישראל.	וחותמו	
209		הולך	
209		בכל	
209		הארצות	
209		ובארץ	
209		ישראל	
209		.	
210	והכל יראים ממנו:	והכל	
210		יראים	
210		ממנו	
210		:	
211	ויש לו כששים עבדים משרתים:	ויש	
211		לו	
211		כששים	
211		עבדים	
211		משרתים	
211		:	
212	שרודים את העם במקלות:	שרודים	
212		את	
212		העם	
212		במקלות	
212		:	
213	והזקנים לאחר עמידת התלמידים שואלים ממנו חכמת המזלות ושאר כל מיני חכמה:	והזקנים	
213		לאחר	
213		עמידת	
213		התלמידים	
213		שואלים	
213		ממנו	
213		חכמת	
213		המזלות	
213		ושאר	
213		כל	
213		מיני	
213		חכמה	
213		:	
214	וערים גדולים הם בארץ אררט.	וערים	
214		גדולים	
214		הם	
214		בארץ	
214		אררט	
214		.	
215	ומעט יהודים שם.	ומעט	
215		יהודים	
215		שם	
215		.	
216	כי מתחלה היו שם יהודים הרבה בימי קדם.	כי	
216		מתחלה	
216		היו	
216		שם	
216		יהודים	
216		הרבה	
216		בימי	
216		קדם	
216		.	
217	והרגו זה את זה.	והרגו	
217		זה	
217		את	
217		זה	
217		.	
218	ונפרדו והלכו לערי בבל מדי ופרס:	ונפרדו	
218		והלכו	
218		לערי	
218		בבל	
218		מדי	
218		ופרס	
218		:	
219	ובארץ כוש ובארץ בבל יותר מששים רבוא יהודים, וכן בארץ פרס:	ובארץ	
219		כוש	
219		ובארץ	
219		בבל	
219		יותר	
219		מששים	
219		רבוא	
219		יהודים	
219		,	
219		וכן	
219		בארץ	
219		פרס	
219		:	
220	ובפרס שעבוד וצעד גדול ליהודים.	ובפרס	
220		שעבוד	
220		וצעד	
220		גדול	
220		ליהודים	
220		.	
221	ולכן לא בא רבי פתחיה אלא בעיר אחת של פרס:	ולכן	
221		לא	
221		בא	
221		רבי	
221		פתחיה	
221		אלא	
221		בעיר	
221		אחת	
221		של	
221		פרס	
221		:	
222	וכל יהודי שבבבל נותן זהוב לשנה לגולגלתו לראש הישיבה.	וכל	
222		יהודי	
222		שבבבל	
222		נותן	
222		זהוב	
222		לשנה	
222		לגולגלתו	
222		לראש	
222		הישיבה	
222		.	
223	כי אין המלך מבקש מהם מס אלא ראש הישיבה.	כי	
223		אין	
223		המלך	
223		מבקש	
223		מהם	
223		מס	
223		אלא	
223		ראש	
223		הישיבה	
223		.	
224	ושלום ליהודים שבארץ בבל:	ושלום	
224		ליהודים	
224		שבארץ	
224		בבל	
224		:	
225	והמלך שהיה קודם בימי רבי שלמה אביו של רבי דניאל היה אוהב את רבי שלמה.	והמלך	
225		שהיה	
225		קודם	
225		בימי	
225		רבי	
225		שלמה	
225		אביו	
225		של	
225		רבי	
225		דניאל	
225		היה	
225		אוהב	
225		את	
225		רבי	
225		שלמה	
225		.	
226	מפני שהמלך היה מזרע מחמט וראש גולה מדוד המלך:	מפני	
226		שהמלך	
226		היה	
226		מזרע	
226		מחמט	
226		וראש	
226		גולה	
226		מדוד	
226		המלך	
226		:	
227	ואמר לרבי שלמה.	ואמר	
227		לרבי	
227		שלמה	
227		.	
228	שהוא רוצה לראות את יחזקאל הנביא שעשה נסים:	שהוא	
228		רוצה	
228		לראות	
228		את	
228		יחזקאל	
228		הנביא	
228		שעשה	
228		נסים	
228		:	
229	ואמר לו רבי שלמה.	ואמר	
229		לו	
229		רבי	
229		שלמה	
229		.	
230	לא תוכל לראותו כי קדוש הוא.	לא	
230		תוכל	
230		לראותו	
230		כי	
230		קדוש	
230		הוא	
230		.	
231	ולא תוכל לגלות את קברו:	ולא	
231		תוכל	
231		לגלות	
231		את	
231		קברו	
231		:	
232	אמר לו המלך.	אמר	
232		לו	
232		המלך	
232		.	
233	שהוא רוצה לדעת:	שהוא	
233		רוצה	
233		לדעת	
233		:	
234	אמר לו רבי שלמה והזקנים.	אמר	
234		לו	
234		רבי	
234		שלמה	
234		והזקנים	
234		.	
235	אדוני המלך.	אדוני	
235		המלך	
235		.	
236	הנה ברוך בן נריה תלמידו קבור סמוך לחצרו אם תחפוץ תגלה קברו.	הנה	
236		ברוך	
236		בן	
236		נריה	
236		תלמידו	
236		קבור	
236		סמוך	
236		לחצרו	
236		אם	
236		תחפוץ	
236		תגלה	
236		קברו	
236		.	
237	אם תוכל לראות תלמידו אחר כך תראה את רבו:	אם	
237		תוכל	
237		לראות	
237		תלמידו	
237		אחר	
237		כך	
237		תראה	
237		את	
237		רבו	
237		:	
238	הלך וקבץ כל השרים וצוה לחפור, וכל מי שחפר בקברו של ברוך בן נריה מיד נפל מת:	הלך	
238		וקבץ	
238		כל	
238		השרים	
238		וצוה	
238		לחפור	
238		,	
238		וכל	
238		מי	
238		שחפר	
238		בקברו	
238		של	
238		ברוך	
238		בן	
238		נריה	
238		מיד	
238		נפל	
238		מת	
238		:	
239	היה שם זקן אחד ישמעאלי ואמר למלך.	היה	
239		שם	
239		זקן	
239		אחד	
239		ישמעאלי	
239		ואמר	
239		למלך	
239		.	
240	אמור ליהודים שיחפרו אחריו:	אמור	
240		ליהודים	
240		שיחפרו	
240		אחריו	
240		:	
241	ואמרו היהודים.	ואמרו	
241		היהודים	
241		.	
242	אנו יראים:	אנו	
242		יראים	
242		:	
243	אמר המלך.	אמר	
243		המלך	
243		.	
244	אם אתם תופסים תורתו של ברוך בן נריה לא יזיק לכם.	אם	
244		אתם	
244		תופסים	
244		תורתו	
244		של	
244		ברוך	
244		בן	
244		נריה	
244		לא	
244		יזיק	
244		לכם	
244		.	
245	כי כל ישמעאלי שחפר נפל מת:	כי	
245		כל	
245		ישמעאלי	
245		שחפר	
245		נפל	
245		מת	
245		:	
246	אמר רבי שלמה.	אמר	
246		רבי	
246		שלמה	
246		.	
247	תן לנו זמן שלשה ימים.	תן	
247		לנו	
247		זמן	
247		שלשה	
247		ימים	
247		.	
248	שנתענה כדי שימחול לנו.	שנתענה	
248		כדי	
248		שימחול	
248		לנו	
248		.	
249	ואחר שלשה ימים חפרו היהודים.	ואחר	
249		שלשה	
249		ימים	
249		חפרו	
249		היהודים	
249		.	
250	ולא הוזקו:	ולא	
250		הוזקו	
250		:	
251	וארון של ברוך בן נריה 22 בתוך שני אבני שיש.	וארון	
251		של	
251		ברוך	
251		בן	
251		נריה	
251		22	
251		בתוך	
251		שני	
251		אבני	
251		שיש	
251		.	
252	והוא בתוך שניהם.	והוא	
252		בתוך	
252		שניהם	
252		.	
253	ומקצת הטלית יצא מבין האבנים:	ומקצת	
253		הטלית	
253		יצא	
253		מבין	
253		האבנים	
253		:	
254	אמר המלך.	אמר	
254		המלך	
254		.	
255	אין שני מלכים משתמשים בכתר אחד.	אין	
255		שני	
255		מלכים	
255		משתמשים	
255		בכתר	
255		אחד	
255		.	
256	ואין נאה לצדיק זה להיות אצל יחזקאל, אני רוצה להביאו למקום אחר:	ואין	
256		נאה	
256		לצדיק	
256		זה	
256		להיות	
256		אצל	
256		יחזקאל	
256		,	
256		אני	
256		רוצה	
256		להביאו	
256		למקום	
256		אחר	
256		:	
257	ונשאו אבני השיש עם הארון:	ונשאו	
257		אבני	
257		השיש	
257		עם	
257		הארון	
257		:	
258	וכשבאו ברחוק מקבר יחזקאל מיל לא יוכלו לזוז ממקומם.	וכשבאו	
258		ברחוק	
258		מקבר	
258		יחזקאל	
258		מיל	
258		לא	
258		יוכלו	
258		לזוז	
258		ממקומם	
258		.	
259	וכל הסוסים וכל הפרדות לא יכלו להזיז הארון ממקומו:	וכל	
259		הסוסים	
259		וכל	
259		הפרדות	
259		לא	
259		יכלו	
259		להזיז	
259		הארון	
259		ממקומו	
259		:	
260	ואמר רבי שלמה.	ואמר	
260		רבי	
260		שלמה	
260		.	
261	כאן בחר הצדיק ליקבר:	כאן	
261		בחר	
261		הצדיק	
261		ליקבר	
261		:	
262	וקברו שם את הארון.	וקברו	
262		שם	
262		את	
262		הארון	
262		.	
263	ובנו פלטין יפה על קברו:	ובנו	
263		פלטין	
263		יפה	
263		על	
263		קברו	
263		:	
264	ונתן רבי שמואל ראש ישיבה כתב וחותמו לרבי פתחיה.	ונתן	
264		רבי	
264		שמואל	
264		ראש	
264		ישיבה	
264		כתב	
264		וחותמו	
264		לרבי	
264		פתחיה	
264		.	
265	שיתיירו אותו בכל מקום שיבוא שם;	שיתיירו	
265		אותו	
265		בכל	
265		מקום	
265		שיבוא	
265		שם;	
266	ויראו לו קבורת תלמידי חכמים והצדיקים:	ויראו	
266		לו	
266		קבורת	
266		תלמידי	
266		חכמים	
266		והצדיקים	
266		:	
267	ובארץ בבל לומדים פירוש רבינו סעדיה שעשה מכל הקרייה ומששה סדרים.	ובארץ	
267		בבל	
267		לומדים	
267		פירוש	
267		רבינו	
267		סעדיה	
267		שעשה	
267		מכל	
267		הקרייה	
267		ומששה	
267		סדרים	
267		.	
268	ופירוש רב האי גאון:	ופירוש	
268		רב	
268		האי	
268		גאון	
268		:	
269	והם קבורים תחת הר רבינו סעדיה ורב האי.	והם	
269		קבורים	
269		תחת	
269		הר	
269		רבינו	
269		סעדיה	
269		ורב	
269		האי	
269		.	
270	ואמרו שכלם הר אחד משם עד הר סיני.	ואמרו	
270		שכלם	
270		הר	
270		אחד	
270		משם	
270		עד	
270		הר	
270		סיני	
270		.	
271	והוא קרוב לבגדת:	והוא	
271		קרוב	
271		לבגדת	
271		:	
272	והוליך רבי פתחיה חותם של רבי שמואל עמו.	והוליך	
272		רבי	
272		פתחיה	
272		חותם	
272		של	
272		רבי	
272		שמואל	
272		עמו	
272		.	
273	וכל שהיה מבקש היו עושין.	וכל	
273		שהיה	
273		מבקש	
273		היו	
273		עושין	
273		.	
274	ויראים ממנו:	ויראים	
274		ממנו	
274		:	
275	והלך רבי פתחיה עד עיר אחת ששמה פולוש.	והלך	
275		רבי	
275		פתחיה	
275		עד	
275		עיר	
275		אחת	
275		ששמה	
275		פולוש	
275		.	
276	מהלך יום אחד מבגדת:	מהלך	
276		יום	
276		אחד	
276		מבגדת	
276		:	
277	ושם כהן חשוב.	ושם	
277		כהן	
277		חשוב	
277		.	
278	והכל מעידין עליו שהוא מזרע אהרן הכהן מאב ואם 24 בלי דופי, ויש לו ספר יחס:	והכל	
278		מעידין	
278		עליו	
278		שהוא	
278		מזרע	
278		אהרן	
278		הכהן	
278		מאב	
278		ואם	
278		24	
278		בלי	
278		דופי	
278		,	
278		ויש	
278		לו	
278		ספר	
278		יחס	
278		:	
279	ולפני אותה עיר קבר, ובית יפה בנוי עליו:	ולפני	
279		אותה	
279		עיר	
279		קבר	
279		,	
279		ובית	
279		יפה	
279		בנוי	
279		עליו	
279		:	
280	ואמרו לו.	ואמרו	
280		לו	
280		.	
281	כי בא בחלום לאיש עשיר.	כי	
281		בא	
281		בחלום	
281		לאיש	
281		עשיר	
281		.	
282	יהודי אני ששמו ברוזק משרי יכניה שהלכו בגולה.	יהודי	
282		אני	
282		ששמו	
282		ברוזק	
282		משרי	
282		יכניה	
282		שהלכו	
282		בגולה	
282		.	
283	ואני צדיק.	ואני	
283		צדיק	
283		.	
284	ואין לך בנים.	ואין	
284		לך	
284		בנים	
284		.	
285	ואם תבנה על קברי בית יפה יהיו לו בנים:	ואם	
285		תבנה	
285		על	
285		קברי	
285		בית	
285		יפה	
285		יהיו	
285		לו	
285		בנים	
285		:	
286	ובנה עליו בית.	ובנה	
286		עליו	
286		בית	
286		.	
287	והיו לו בנים:	והיו	
287		לו	
287		בנים	
287		:	
288	ועשו שאלת חלום.	ועשו	
288		שאלת	
288		חלום	
288		.	
289	מי הוא הנקבר שם.	מי	
289		הוא	
289		הנקבר	
289		שם	
289		.	
290	ואמר אני ברוזק.	ואמר	
290		אני	
290		ברוזק	
290		.	
291	ואין לי שם אחר:	ואין	
291		לי	
291		שם	
291		אחר	
291		:	
292	ונתן לו הכהן כחמשים בחורים ברמחים ובכלי זיין.	ונתן	
292		לו	
292		הכהן	
292		כחמשים	
292		בחורים	
292		ברמחים	
292		ובכלי	
292		זיין	
292		.	
293	ותיירו אותו:	ותיירו	
293		אותו	
293		:	
294	כי אומה אחת אצל בבל.	כי	
294		אומה	
294		אחת	
294		אצל	
294		בבל	
294		.	
295	ואין חוששין על המלך:	ואין	
295		חוששין	
295		על	
295		המלך	
295		:	
296	והם במדבר.	והם	
296		במדבר	
296		.	
297	ונקראים חרמים על שם שגוזלים וחומסים מכל אומה:	ונקראים	
297		חרמים	
297		על	
297		שם	
297		שגוזלים	
297		וחומסים	
297		מכל	
297		אומה	
297		:	
298	ופניהם כעשב גרונא.	ופניהם	
298		כעשב	
298		גרונא	
298		.	
299	ואין מאמינים אלא באלוה יחזקאל.	ואין	
299		מאמינים	
299		אלא	
299		באלוה	
299		יחזקאל	
299		.	
300	וכן קוראים לו כל הישמעאלים:	וכן	
300		קוראים	
300		לו	
300		כל	
300		הישמעאלים	
300		:	
301	וכמהלך יום או חצי יום מבגדת קברו של יחזקאל במדבר.	וכמהלך	
301		יום	
301		או	
301		חצי	
301		יום	
301		מבגדת	
301		קברו	
301		של	
301		יחזקאל	
301		במדבר	
301		.	
302	וישנו ביד החרמים:	וישנו	
302		ביד	
302		החרמים	
302		:	
303	והעיר קרובה כמיל לקבר.	והעיר	
303		קרובה	
303		כמיל	
303		לקבר	
303		.	
304	וביד היהודים המפתחות:	וביד	
304		היהודים	
304		המפתחות	
304		:	
305	וסביב לקבר יחזקאל מוקף חומה ועיר גדולה.	וסביב	
305		לקבר	
305		יחזקאל	
305		מוקף	
305		חומה	
305		ועיר	
305		גדולה	
305		.	
306	וחצר גדול:	וחצר	
306		גדול	
306		:	
307	ולחומה אין שער כי אם שער קטן וקצר.	ולחומה	
307		אין	
307		שער	
307		כי	
307		אם	
307		שער	
307		קטן	
307		וקצר	
307		.	
308	והיהודים פותחין השער ונכנסין בו על ידיהם ועל רגליהם כי נמוך הוא:	והיהודים	
308		פותחין	
308		השער	
308		ונכנסין	
308		בו	
308		על	
308		ידיהם	
308		ועל	
308		רגליהם	
308		כי	
308		נמוך	
308		הוא	
308		:	
309	ובחג הסוכות באין מכל הארצות שמה:	ובחג	
309		הסוכות	
309		באין	
309		מכל	
309		הארצות	
309		שמה	
309		:	
310	והפתח מרחיב ומגביה מאליו את עצמו.	והפתח	
310		מרחיב	
310		ומגביה	
310		מאליו	
310		את	
310		עצמו	
310		.	
311	עד שנכנסין בו עם הגמלים:	עד	
311		שנכנסין	
311		בו	
311		עם	
311		הגמלים	
311		:	
312	ובאין שם כששים או כשמונים אלף 26 יהודים לבד מישמעאלים.	ובאין	
312		שם	
312		כששים	
312		או	
312		כשמונים	
312		אלף	
312		26	
312		יהודים	
312		לבד	
312		מישמעאלים	
312		.	
313	ועושין סוכות בחצרו של יחזקאל:	ועושין	
313		סוכות	
313		בחצרו	
313		של	
313		יחזקאל	
313		:	
314	ואחר כך מקטין הפתח כבתחילה:	ואחר	
314		כך	
314		מקטין	
314		הפתח	
314		כבתחילה	
314		:	
315	וכלם רואים.	וכלם	
315		רואים	
315		.	
316	ונותנין נדרים ונדבות על קברו:	ונותנין	
316		נדרים	
316		ונדבות	
316		על	
316		קברו	
316		:	
317	וכל מי שהוא עקר או עקרה או בהמתו עקרה.	וכל	
317		מי	
317		שהוא	
317		עקר	
317		או	
317		עקרה	
317		או	
317		בהמתו	
317		עקרה	
317		.	
318	נודר ומתפלל על קברו:	נודר	
318		ומתפלל	
318		על	
318		קברו	
318		:	
319	ואמרו לרבי פתחיה.	ואמרו	
319		לרבי	
319		פתחיה	
319		.	
320	שהיה לשר אחד סוסיא ונתעקרה.	שהיה	
320		לשר	
320		אחד	
320		סוסיא	
320		ונתעקרה	
320		.	
321	והיה כמהלך ארבעה ימים מקבר יחזקאל:	והיה	
321		כמהלך	
321		ארבעה	
321		ימים	
321		מקבר	
321		יחזקאל	
321		:	
322	ונדר, אם תלד הסוסיא יתן הולד ליחזקאל:	ונדר	
322		,	
322		אם	
322		תלד	
322		הסוסיא	
322		יתן	
322		הולד	
322		ליחזקאל	
322		:	
323	ואחר ימים ילדה.	ואחר	
323		ימים	
323		ילדה	
323		.	
324	וראה כי הוא טוב וחמל עליו ולא נתנו ליחזקאל:	וראה	
324		כי	
324		הוא	
324		טוב	
324		וחמל	
324		עליו	
324		ולא	
324		נתנו	
324		ליחזקאל	
324		:	
325	וברח לו הולד של הסוסיא מעצמו.	וברח	
325		לו	
325		הולד	
325		של	
325		הסוסיא	
325		מעצמו	
325		.	
326	ונכנס לתוך חצרו של יחזקאל.	ונכנס	
326		לתוך	
326		חצרו	
326		של	
326		יחזקאל	
326		.	
327	ונתרחב השער עד שנכנס.	ונתרחב	
327		השער	
327		עד	
327		שנכנס	
327		.	
328	והיה השר מחפש בכל מקום הסוס ולא מצא.	והיה	
328		השר	
328		מחפש	
328		בכל	
328		מקום	
328		הסוס	
328		ולא	
328		מצא	
328		.	
329	עד ששם אל לבו ואמר בשביל שנדרתיהו לתת ליחזקאל הצדיק ברח לקברו:	עד	
329		ששם	
329		אל	
329		לבו	
329		ואמר	
329		בשביל	
329		שנדרתיהו	
329		לתת	
329		ליחזקאל	
329		הצדיק	
329		ברח	
329		לקברו	
329		:	
330	הלך שם ומצאו שם.	הלך	
330		שם	
330		ומצאו	
330		שם	
330		.	
331	ורצה להוציאו.	ורצה	
331		להוציאו	
331		.	
332	ולא יכול כי הפתח נמוך:	ולא	
332		יכול	
332		כי	
332		הפתח	
332		נמוך	
332		:	
333	אמר יהודי אחד.	אמר	
333		יהודי	
333		אחד	
333		.	
334	אינו אלא על הנס שנכנס הנה.	אינו	
334		אלא	
334		על	
334		הנס	
334		שנכנס	
334		הנה	
334		.	
335	שמא נדרת אותו לצדיק:	שמא	
335		נדרת	
335		אותו	
335		לצדיק	
335		:	
336	והודה לו ואמר נדרתי לו.	והודה	
336		לו	
336		ואמר	
336		נדרתי	
336		לו	
336		.	
337	ומה אעשה שאוציאנו:	ומה	
337		אעשה	
337		שאוציאנו	
337		:	
338	אמר היהודי קח כסף ושים על קברו.	אמר	
338		היהודי	
338		קח	
338		כסף	
338		ושים	
338		על	
338		קברו	
338		.	
339	אם תשים שויו ויצא הסוס:	אם	
339		תשים	
339		שויו	
339		ויצא	
339		הסוס	
339		:	
340	ונתן הכסף מעט מעט.	ונתן	
340		הכסף	
340		מעט	
340		מעט	
340		.	
341	עד שנתן שויו ונתרחב הפתח ויצא:	עד	
341		שנתן	
341		שויו	
341		ונתרחב	
341		הפתח	
341		ויצא	
341		:	
342	ורבי פתחיה הלך על קבר יחזקאל.	ורבי	
342		פתחיה	
342		הלך	
342		על	
342		קבר	
342		יחזקאל	
342		.	
343	והביא בידו זהב וגרעינין של זהב:	והביא	
343		בידו	
343		זהב	
343		וגרעינין	
343		של	
343		זהב	
343		:	
344	ונפלו מידו הגרעינין.	ונפלו	
344		מידו	
344		הגרעינין	
344		.	
345	ואמר.	ואמר	
345		.	
346	28 אדוני יחזקאל לכבודך באתי.	28	
346		אדוני	
346		יחזקאל	
346		לכבודך	
346		באתי	
346		.	
347	ויפלו ממני הגרעינין ונאבדו.	ויפלו	
347		ממני	
347		הגרעינין	
347		ונאבדו	
347		.	
348	בכל מקום שהן יהיו שלך.	בכל	
348		מקום	
348		שהן	
348		יהיו	
348		שלך	
348		.	
349	והיה נראה בעיניו רחוק ממנו כמין כוכב.	והיה	
349		נראה	
349		בעיניו	
349		רחוק	
349		ממנו	
349		כמין	
349		כוכב	
349		.	
350	והיה סבור שמא אבן טובה.	והיה	
350		סבור	
350		שמא	
350		אבן	
350		טובה	
350		.	
351	והלך וראה ומצא הגרעינין.	והלך	
351		וראה	
351		ומצא	
351		הגרעינין	
351		.	
352	ונתנם על קבר יחזקאל:	ונתנם	
352		על	
352		קבר	
352		יחזקאל	
352		:	
353	וכל ישמעאלי שהיה הולך על קבר מחמט הלך דרך קבר יחזקאל.	וכל	
353		ישמעאלי	
353		שהיה	
353		הולך	
353		על	
353		קבר	
353		מחמט	
353		הלך	
353		דרך	
353		קבר	
353		יחזקאל	
353		.	
354	ונתן מתנה ונדבה ליחזקאל:	ונתן	
354		מתנה	
354		ונדבה	
354		ליחזקאל	
354		:	
355	ונודר ומתפלל ואומר.	ונודר	
355		ומתפלל	
355		ואומר	
355		.	
356	אדונינו יחזקאל.	אדונינו	
356		יחזקאל	
356		.	
357	אם אשוב אתן לך כך וכך:	אם	
357		אשוב	
357		אתן	
357		לך	
357		כך	
357		וכך	
357		:	
358	ודרך מדבר הולכים שם בארבעים יום.	ודרך	
358		מדבר	
358		הולכים	
358		שם	
358		בארבעים	
358		יום	
358		.	
359	ומי שיודע בדרך הולך בעשרה ימים מקבר יחזקאל עד נהר סמבטיון:	ומי	
359		שיודע	
359		בדרך	
359		הולך	
359		בעשרה	
359		ימים	
359		מקבר	
359		יחזקאל	
359		עד	
359		נהר	
359		סמבטיון	
359		:	
360	וכל מי שרוצה לילך בארץ מרחקים מפקיד כיסו או שום חפץ ליחזקאל.	וכל	
360		מי	
360		שרוצה	
360		לילך	
360		בארץ	
360		מרחקים	
360		מפקיד	
360		כיסו	
360		או	
360		שום	
360		חפץ	
360		ליחזקאל	
360		.	
361	ואומר אדונינו יחזקאל שמור לי חפץ זה עד שאשוב.	ואומר	
361		אדונינו	
361		יחזקאל	
361		שמור	
361		לי	
361		חפץ	
361		זה	
361		עד	
361		שאשוב	
361		.	
362	ואל תניח שום אדם לקחתו אלא יורשיו:	ואל	
362		תניח	
362		שום	
362		אדם	
362		לקחתו	
362		אלא	
362		יורשיו	
362		:	
363	וכמה כיסים של ממון מונחים שם שנרקבו.	וכמה	
363		כיסים	
363		של	
363		ממון	
363		מונחים	
363		שם	
363		שנרקבו	
363		.	
364	לפי שכמה שנים מונחים שם:	לפי	
364		שכמה	
364		שנים	
364		מונחים	
364		שם	
364		:	
365	והיו שם ספרים.	והיו	
365		שם	
365		ספרים	
365		.	
366	ורצה אחד מן הריקים להוציא אחד מן הספרים.	ורצה	
366		אחד	
366		מן	
366		הריקים	
366		להוציא	
366		אחד	
366		מן	
366		הספרים	
366		.	
367	ולא היה יכול כי אחזוהו יסורים ועורון.	ולא	
367		היה	
367		יכול	
367		כי	
367		אחזוהו	
367		יסורים	
367		ועורון	
367		.	
368	ולכן מתיראים כל העולם מיחזקאל:	ולכן	
368		מתיראים	
368		כל	
368		העולם	
368		מיחזקאל	
368		:	
369	וכל מי שלא ראה בנין פלטין שלו הגדול על קברו.	וכל	
369		מי	
369		שלא	
369		ראה	
369		בנין	
369		פלטין	
369		שלו	
369		הגדול	
369		על	
369		קברו	
369		.	
370	לא ראה בנין יפה מעולם:	לא	
370		ראה	
370		בנין	
370		יפה	
370		מעולם	
370		:	
371	ובפנים מחופה זהב:	ובפנים	
371		מחופה	
371		זהב	
371		:	
372	ועל הקבר סיד גבוה כאדם.	ועל	
372		הקבר	
372		סיד	
372		גבוה	
372		כאדם	
372		.	
373	ועל הסיד סביב ועל גביו בנין של ארז מוזהב.	ועל	
373		הסיד	
373		סביב	
373		ועל	
373		גביו	
373		בנין	
373		של	
373		ארז	
373		מוזהב	
373		.	
374	ועין לא ראתה דוגמתו:	ועין	
374		לא	
374		ראתה	
374		דוגמתו	
374		:	
375	ויש לו חלונות.	ויש	
375		לו	
375		חלונות	
375		.	
376	שאדם מכניס ראשו ומתפלל:	שאדם	
376		מכניס	
376		ראשו	
376		ומתפלל	
376		:	
377	ולמעלה עשויה כיפה גדולה של זהב ומעילים יפים 30 מקיפים מבפנים.	ולמעלה	
377		עשויה	
377		כיפה	
377		גדולה	
377		של	
377		זהב	
377		ומעילים	
377		יפים	
377		30	
377		מקיפים	
377		מבפנים	
377		.	
378	וכלי זכוכית בתוכו יפים מאוד:	וכלי	
378		זכוכית	
378		בתוכו	
378		יפים	
378		מאוד	
378		:	
379	ושלשים נרות של שמן זית דולקים שם יומם ולילה.	ושלשים	
379		נרות	
379		של	
379		שמן	
379		זית	
379		דולקים	
379		שם	
379		יומם	
379		ולילה	
379		.	
380	וקונים מן המתנות שנותנים שם שמן הזית.	וקונים	
380		מן	
380		המתנות	
380		שנותנים	
380		שם	
380		שמן	
380		הזית	
380		.	
381	ומדליקין עליו שלשים הנרות:	ומדליקין	
381		עליו	
381		שלשים	
381		הנרות	
381		:	
382	ויש ממונים על המתנות שנותנים על קברו כמאתים פרנסין, זה ממונה אחר זה:	ויש	
382		ממונים	
382		על	
382		המתנות	
382		שנותנים	
382		על	
382		קברו	
382		כמאתים	
382		פרנסין	
382		,	
382		זה	
382		ממונה	
382		אחר	
382		זה	
382		:	
383	ומאותו ממון שנותנים על קברו מתקנים בית הכנסת שצריך תיקון.	ומאותו	
383		ממון	
383		שנותנים	
383		על	
383		קברו	
383		מתקנים	
383		בית	
383		הכנסת	
383		שצריך	
383		תיקון	
383		.	
384	ומשיאין בו יתומים ויתומות.	ומשיאין	
384		בו	
384		יתומים	
384		ויתומות	
384		.	
385	ופרנסין התלמידים שאין להם במה להתפרנס:	ופרנסין	
385		התלמידים	
385		שאין	
385		להם	
385		במה	
385		להתפרנס	
385		:	
386	ובבגדת יש שלשה בתי כנסיות לבד מבית הכנסת שבנה דניאל במקום שעמד המלאך על שפת היאור מזה אחד ומזה אחד.	ובבגדת	
386		יש	
386		שלשה	
386		בתי	
386		כנסיות	
386		לבד	
386		מבית	
386		הכנסת	
386		שבנה	
386		דניאל	
386		במקום	
386		שעמד	
386		המלאך	
386		על	
386		שפת	
386		היאור	
386		מזה	
386		אחד	
386		ומזה	
386		אחד	
386		.	
387	כמו שכתוב בספר דניאל:	כמו	
387		שכתוב	
387		בספר	
387		דניאל	
387		:	
388	ובהיות רבי פתחיה על קבר יחזקאל.	ובהיות	
388		רבי	
388		פתחיה	
388		על	
388		קבר	
388		יחזקאל	
388		.	
389	ראה בביתו עוף שפניו כפני אדם:	ראה	
389		בביתו	
389		עוף	
389		שפניו	
389		כפני	
389		אדם	
389		:	
390	והיה הפרנס השוער מצטער.	והיה	
390		הפרנס	
390		השוער	
390		מצטער	
390		.	
391	ואמר מסורת בידינו מאבותינו.	ואמר	
391		מסורת	
391		בידינו	
391		מאבותינו	
391		.	
392	כל בית שזה העוף נמצא בו יהיה חרב:	כל	
392		בית	
392		שזה	
392		העוף	
392		נמצא	
392		בו	
392		יהיה	
392		חרב	
392		:	
393	וראה שכשרצה העוף לצאת מהחלון נהפך העוף ומת.	וראה	
393		שכשרצה	
393		העוף	
393		לצאת	
393		מהחלון	
393		נהפך	
393		העוף	
393		ומת	
393		.	
394	ושמח הפרנס השוער מאוד.	ושמח	
394		הפרנס	
394		השוער	
394		מאוד	
394		.	
395	ואמר מאחר שמת העוף נהפכה הגזירה:	ואמר	
395		מאחר	
395		שמת	
395		העוף	
395		נהפכה	
395		הגזירה	
395		:	
396	ואמר ראש הישיבה לרבי פתחיה.	ואמר	
396		ראש	
396		הישיבה	
396		לרבי	
396		פתחיה	
396		.	
397	שבימי קדם היה עמוד אש על קבר יחזקאל.	שבימי	
397		קדם	
397		היה	
397		עמוד	
397		אש	
397		על	
397		קבר	
397		יחזקאל	
397		.	
398	אלא שבאו בו פריצים וחיללוהו.	אלא	
398		שבאו	
398		בו	
398		פריצים	
398		וחיללוהו	
398		.	
399	שהיו באים בחג הסוכות לרגל בשמונים אלף.	שהיו	
399		באים	
399		בחג	
399		הסוכות	
399		לרגל	
399		בשמונים	
399		אלף	
399		.	
400	והיו ביניהם אנשים שאינם הגונים.	והיו	
400		ביניהם	
400		אנשים	
400		שאינם	
400		הגונים	
400		.	
401	ונסתלק עמוד האש:	ונסתלק	
401		עמוד	
401		האש	
401		:	
402	ובאותו חצר עושין סוכות ואצל בית הקברות:	ובאותו	
402		חצר	
402		עושין	
402		סוכות	
402		ואצל	
402		בית	
402		הקברות	
402		:	
403	32 ונהר פרת ונהר כבר נופלין זה בזה וניכרים:	32	
403		ונהר	
403		פרת	
403		ונהר	
403		כבר	
403		נופלין	
403		זה	
403		בזה	
403		וניכרים	
403		:	
404	ומעבר לנהר פרת כמיל נגד קבר יחזקאל קברי חנניה מישאל ועזריה.	ומעבר	
404		לנהר	
404		פרת	
404		כמיל	
404		נגד	
404		קבר	
404		יחזקאל	
404		קברי	
404		חנניה	
404		מישאל	
404		ועזריה	
404		.	
405	וכל אחד לבד, ועזרא הסופר (גם הוא קבור שם:) וחזר ובא בשני ימים עד נהרדעא:	וכל	
405		אחד	
405		לבד	
405		,	
405		ועזרא	
405		הסופר	
405		(	
405		גם	
405		הוא	
405		קבור	
405		שם	
405		:	
405		)	
405		וחזר	
405		ובא	
405		בשני	
405		ימים	
405		עד	
405		נהרדעא	
405		:	
406	והעיר כמהלך שלשה ימים.	והעיר	
406		כמהלך	
406		שלשה	
406		ימים	
406		.	
407	והכל חרב.	והכל	
407		חרב	
407		.	
408	ובקצה העיר יש קהילה:	ובקצה	
408		העיר	
408		יש	
408		קהילה	
408		:	
409	והראה חותם של ראש הישיבה.	והראה	
409		חותם	
409		של	
409		ראש	
409		הישיבה	
409		.	
410	והראו לו כנישתא דשף ויתיב:	והראו	
410		לו	
410		כנישתא	
410		דשף	
410		ויתיב	
410		:	
411	ושלש חומותיה מאבנים.	ושלש	
411		חומותיה	
411		מאבנים	
411		.	
412	וחומה מערבית על נהר פרת כל החומה אין לה לא אבן ולא לבינה.	וחומה	
412		מערבית	
412		על	
412		נהר	
412		פרת	
412		כל	
412		החומה	
412		אין	
412		לה	
412		לא	
412		אבן	
412		ולא	
412		לבינה	
412		.	
413	אלא הכל מעפר שהביא עמו יכניה:	אלא	
413		הכל	
413		מעפר	
413		שהביא	
413		עמו	
413		יכניה	
413		:	
414	ואין גג לאותו בית הכנסת.	ואין	
414		גג	
414		לאותו	
414		בית	
414		הכנסת	
414		.	
415	כי הכל חרב:	כי	
415		הכל	
415		חרב	
415		:	
416	ואמרו לו היהודים.	ואמרו	
416		לו	
416		היהודים	
416		.	
417	שבלילה רואים עמוד אש יוצא משם והולך עד קבר ברוזק שכתבנו לעיל:	שבלילה	
417		רואים	
417		עמוד	
417		אש	
417		יוצא	
417		משם	
417		והולך	
417		עד	
417		קבר	
417		ברוזק	
417		שכתבנו	
417		לעיל	
417		:	
418	וחזר שמה ובא לעיר ששמה מילה.	וחזר	
418		שמה	
418		ובא	
418		לעיר	
418		ששמה	
418		מילה	
418		.	
419	ושם קברו של רבי מאיר.	ושם	
419		קברו	
419		של	
419		רבי	
419		מאיר	
419		.	
420	הוא רבי מאיר דמתניתין:	הוא	
420		רבי	
420		מאיר	
420		דמתניתין	
420		:	
421	ויש לפני העיר אצל המים שדה.	ויש	
421		לפני	
421		העיר	
421		אצל	
421		המים	
421		שדה	
421		.	
422	ובאותו השדה יש הקבר:	ובאותו	
422		השדה	
422		יש	
422		הקבר	
422		:	
423	והנה הפרת רבה לעלות על קברו, ולקחו מן הממון שנודרין היהודים והישמעאלים.	והנה	
423		הפרת	
423		רבה	
423		לעלות	
423		על	
423		קברו	
423		,	
423		ולקחו	
423		מן	
423		הממון	
423		שנודרין	
423		היהודים	
423		והישמעאלים	
423		.	
424	ובנו עליו עיר סביב לקברו ומגדלים בתוך המים.	ובנו	
424		עליו	
424		עיר	
424		סביב	
424		לקברו	
424		ומגדלים	
424		בתוך	
424		המים	
424		.	
425	ובית יפה על קברו:	ובית	
425		יפה	
425		על	
425		קברו	
425		:	
426	והישמעאלים קורין אותו חנוק.	והישמעאלים	
426		קורין	
426		אותו	
426		חנוק	
426		.	
427	מפני שפעם אחת בא השלטון וחמס אבן אחת ממעלות שעולין בהן לקברו:	מפני	
427		שפעם	
427		אחת	
427		בא	
427		השלטון	
427		וחמס	
427		אבן	
427		אחת	
427		ממעלות	
427		שעולין	
427		בהן	
427		לקברו	
427		:	
428	ובלילה בא אליו רבי מאיר בחלום.	ובלילה	
428		בא	
428		אליו	
428		רבי	
428		מאיר	
428		בחלום	
428		.	
429	ותפס 34 אותו בגרונו ורצה לחנקו.	ותפס	
429		34	
429		אותו	
429		בגרונו	
429		ורצה	
429		לחנקו	
429		.	
430	ואמר לו למה גזלת אבן שלי.	ואמר	
430		לו	
430		למה	
430		גזלת	
430		אבן	
430		שלי	
430		.	
431	וכי אינך יודע שאני צדיק ואהוב למקום:	וכי	
431		אינך	
431		יודע	
431		שאני	
431		צדיק	
431		ואהוב	
431		למקום	
431		:	
432	אז בקש ממנו מחילה:	אז	
432		בקש	
432		ממנו	
432		מחילה	
432		:	
433	ואמר לא אעשה עד שתשאנה אתה בעצמך על כתיפך לעין כל.	ואמר	
433		לא	
433		אעשה	
433		עד	
433		שתשאנה	
433		אתה	
433		בעצמך	
433		על	
433		כתיפך	
433		לעין	
433		כל	
433		.	
434	ותאמר רשעתי שגזלתי אדוני הצדיק:	ותאמר	
434		רשעתי	
434		שגזלתי	
434		אדוני	
434		הצדיק	
434		:	
435	למחר נשא האבן על כתיפו לעין כל והחזירה למקומה.	למחר	
435		נשא	
435		האבן	
435		על	
435		כתיפו	
435		לעין	
435		כל	
435		והחזירה	
435		למקומה	
435		.	
436	ואמר רשעתי שגזלתי אדוני הצדיק:	ואמר	
436		רשעתי	
436		שגזלתי	
436		אדוני	
436		הצדיק	
436		:	
437	ויראים ממנו הישמעאלים ומשתחוים שם על קברו.	ויראים	
437		ממנו	
437		הישמעאלים	
437		ומשתחוים	
437		שם	
437		על	
437		קברו	
437		.	
438	ונותנין לו מתנות ונודרים שאם יחזרו בשלום נותנין לו כך וכך:	ונותנין	
438		לו	
438		מתנות	
438		ונודרים	
438		שאם	
438		יחזרו	
438		בשלום	
438		נותנין	
438		לו	
438		כך	
438		וכך	
438		:	
439	ובכל מקום שהראה רבי פתחיה חותם של ראש הישיבה.	ובכל	
439		מקום	
439		שהראה	
439		רבי	
439		פתחיה	
439		חותם	
439		של	
439		ראש	
439		הישיבה	
439		.	
440	מיד יוצאים ברמחים ומתיירין אותו:	מיד	
440		יוצאים	
440		ברמחים	
440		ומתיירין	
440		אותו	
440		:	
441	ומקבר יחזקאל עד קבר ברוך בן נריה רחוק מיל.	ומקבר	
441		יחזקאל	
441		עד	
441		קבר	
441		ברוך	
441		בן	
441		נריה	
441		רחוק	
441		מיל	
441		.	
442	ומקבר ברוך עד קבר נחום האלקושי כארבע פרסאות:	ומקבר	
442		ברוך	
442		עד	
442		קבר	
442		נחום	
442		האלקושי	
442		כארבע	
442		פרסאות	
442		:	
443	ובינתיים באמצע קבר של אבא אריכא.	ובינתיים	
443		באמצע	
443		קבר	
443		של	
443		אבא	
443		אריכא	
443		.	
444	וקברו ארוך שמנה עשרה אמה:	וקברו	
444		ארוך	
444		שמנה	
444		עשרה	
444		אמה	
444		:	
445	וחמשה מן האמוראים קבורים שם:	וחמשה	
445		מן	
445		האמוראים	
445		קבורים	
445		שם	
445		:	
446	ורחיים שעשה רבא לתלמידים היא שם בלי מים.	ורחיים	
446		שעשה	
446		רבא	
446		לתלמידים	
446		היא	
446		שם	
446		בלי	
446		מים	
446		.	
447	והיו טוחנין בה בימיו.	והיו	
447		טוחנין	
447		בה	
447		בימיו	
447		.	
448	ובית יפה עליה:	ובית	
448		יפה	
448		עליה	
448		:	
449	ויש להם מסורת.	ויש	
449		להם	
449		מסורת	
449		.	
450	שיודעים קברי הנביאים ואמוראים חמש מאות וחמשים.	שיודעים	
450		קברי	
450		הנביאים	
450		ואמוראים	
450		חמש	
450		מאות	
450		וחמשים	
450		.	
451	כמנין שרי״ם:	כמנין	
451		שרי״ם	
451		:	
452	וכשיש קהילה סמוך לקבר של 36 צדיק אחד פורשים כלי מילת על הקבר:	וכשיש	
452		קהילה	
452		סמוך	
452		לקבר	
452		של	
452		36	
452		צדיק	
452		אחד	
452		פורשים	
452		כלי	
452		מילת	
452		על	
452		הקבר	
452		:	
453	וכשרחוקים משם פורשים מחצלת על הקבר שאין בית עליו:	וכשרחוקים	
453		משם	
453		פורשים	
453		מחצלת	
453		על	
453		הקבר	
453		שאין	
453		בית	
453		עליו	
453		:	
454	ועל רוב הקברים שעליהם בגד או מחצלת נחש כרוך תחת המחצלת.	ועל	
454		רוב	
454		הקברים	
454		שעליהם	
454		בגד	
454		או	
454		מחצלת	
454		נחש	
454		כרוך	
454		תחת	
454		המחצלת	
454		.	
455	ששומר הקבר:	ששומר	
455		הקבר	
455		:	
456	ואומרים לו.	ואומרים	
456		לו	
456		.	
457	כשתגביה המחצלת שמור מן הנחש:	כשתגביה	
457		המחצלת	
457		שמור	
457		מן	
457		הנחש	
457		:	
458	וראש הישיבה כתב לו מי הם אותן האמוראים שקבורים שם:	וראש	
458		הישיבה	
458		כתב	
458		לו	
458		מי	
458		הם	
458		אותן	
458		האמוראים	
458		שקבורים	
458		שם	
458		:	
459	ושכח הכתב בביהם:	ושכח	
459		הכתב	
459		בביהם	
459		:	
460	והוא בא מביהם הנה.	והוא	
460		בא	
460		מביהם	
460		הנה	
460		.	
461	וסיפר שכל מה שהלך מביהם הכל למזרחו של עולם.	וסיפר	
461		שכל	
461		מה	
461		שהלך	
461		מביהם	
461		הכל	
461		למזרחו	
461		של	
461		עולם	
461		.	
462	ביהם מזרח לרעגנשפורג.	ביהם	
462		מזרח	
462		לרעגנשפורג	
462		.	
463	רוסייא מזרח לפולין:	רוסייא	
463		מזרח	
463		לפולין	
463		:	
464	ומשם פנה למזרח.	ומשם	
464		פנה	
464		למזרח	
464		.	
465	והלך בששה ימים עד קברו של אדונינו עזרא הסופר:	והלך	
465		בששה	
465		ימים	
465		עד	
465		קברו	
465		של	
465		אדונינו	
465		עזרא	
465		הסופר	
465		:	
466	ואמרו.	ואמרו	
466		.	
467	כי בימי קדם היה קברו של עזרא הסופר נשבר:	כי	
467		בימי	
467		קדם	
467		היה	
467		קברו	
467		של	
467		עזרא	
467		הסופר	
467		נשבר	
467		:	
468	ובא רועה אחד, וראה תל וישן עליו:	ובא	
468		רועה	
468		אחד	
468		,	
468		וראה	
468		תל	
468		וישן	
468		עליו	
468		:	
469	ובא לו בחלום.	ובא	
469		לו	
469		בחלום	
469		.	
470	אמור לשלטון אני עזרא הסופר, שיקחני על ידי היהודים וישימני במקום פלוני.	אמור	
470		לשלטון	
470		אני	
470		עזרא	
470		הסופר	
470		,	
470		שיקחני	
470		על	
470		ידי	
470		היהודים	
470		וישימני	
470		במקום	
470		פלוני	
470		.	
471	ואם לאו כל בני עמו ימותו:	ואם	
471		לאו	
471		כל	
471		בני	
471		עמו	
471		ימותו	
471		:	
472	ולא חש לאותו דבר.	ולא	
472		חש	
472		לאותו	
472		דבר	
472		.	
473	ומתו הרבה:	ומתו	
473		הרבה	
473		:	
474	והביאו יהודים.	והביאו	
474		יהודים	
474		.	
475	וחפרו בכבוד:	וחפרו	
475		בכבוד	
475		:	
476	והיה באבני שיש.	והיה	
476		באבני	
476		שיש	
476		.	
477	ועל השיש לוח חקוק עליו אני עזרא הסופר, וקברוהו במקום שאמר לרועה:	ועל	
477		השיש	
477		לוח	
477		חקוק	
477		עליו	
477		אני	
477		עזרא	
477		הסופר	
477		,	
477		וקברוהו	
477		במקום	
477		שאמר	
477		לרועה	
477		:	
478	ועשו פלטין על קברו:	ועשו	
478		פלטין	
478		על	
478		קברו	
478		:	
479	ובשעה אחת עשרה עמוד אש יוצא מקברו עד לרקיע.	ובשעה	
479		אחת	
479		עשרה	
479		עמוד	
479		אש	
479		יוצא	
479		מקברו	
479		עד	
479		לרקיע	
479		.	
480	שעה אחת עשרה ביום ושעה שתים 38 עשרה:	שעה	
480		אחת	
480		עשרה	
480		ביום	
480		ושעה	
480		שתים	
480		38	
480		עשרה	
480		:	
481	וגם נראה בשעה ראשונה של לילה.	וגם	
481		נראה	
481		בשעה	
481		ראשונה	
481		של	
481		לילה	
481		.	
482	והולכין שלש או ארבע פרסאות באור של העמוד:	והולכין	
482		שלש	
482		או	
482		ארבע	
482		פרסאות	
482		באור	
482		של	
482		העמוד	
482		:	
483	וכל הישמעאלים משתחוים שמה:	וכל	
483		הישמעאלים	
483		משתחוים	
483		שמה	
483		:	
484	והמפתחות מן הבתים שעל הקברים המה בידי היהודים.	והמפתחות	
484		מן	
484		הבתים	
484		שעל	
484		הקברים	
484		המה	
484		בידי	
484		היהודים	
484		.	
485	והיהודים לוקחים הנדרים ומשיאין בהם יתומים ויתומות.	והיהודים	
485		לוקחים	
485		הנדרים	
485		ומשיאין	
485		בהם	
485		יתומים	
485		ויתומות	
485		.	
486	ומפרנסין התלמידים ומתקנין בתי כנסיות של עניים:	ומפרנסין	
486		התלמידים	
486		ומתקנין	
486		בתי	
486		כנסיות	
486		של	
486		עניים	
486		:	
487	וקודם שהלך לקברו של עזרא הלך בשמונה ימים לשושן הבירה.	וקודם	
487		שהלך	
487		לקברו	
487		של	
487		עזרא	
487		הלך	
487		בשמונה	
487		ימים	
487		לשושן	
487		הבירה	
487		.	
488	ואין בה אלא שני יהודים (צבעים):	ואין	
488		בה	
488		אלא	
488		שני	
488		יהודים	
488		(	
488		צבעים	
488		)	
488		:	
489	והראה חותם של ראש הישיבה.	והראה	
489		חותם	
489		של	
489		ראש	
489		הישיבה	
489		.	
490	והראו לו את ארונו של דניאל:	והראו	
490		לו	
490		את	
490		ארונו	
490		של	
490		דניאל	
490		:	
491	ומתחילה היה קבור בצד אחד על הנהר, והיה שם שובע גדול והצלחה וברכה:	ומתחילה	
491		היה	
491		קבור	
491		בצד	
491		אחד	
491		על	
491		הנהר	
491		,	
491		והיה	
491		שם	
491		שובע	
491		גדול	
491		והצלחה	
491		וברכה	
491		:	
492	והיו בעבר הנהר בצד האחר אומרים.	והיו	
492		בעבר	
492		הנהר	
492		בצד	
492		האחר	
492		אומרים	
492		.	
493	בשביל שאין הצדיק קבור בחלקנו לפיכך אין ארצנו מבורכת:	בשביל	
493		שאין	
493		הצדיק	
493		קבור	
493		בחלקנו	
493		לפיכך	
493		אין	
493		ארצנו	
493		מבורכת	
493		:	
494	והיו מלחמות גדולות תדיר ביניהם.	והיו	
494		מלחמות	
494		גדולות	
494		תדיר	
494		ביניהם	
494		.	
495	וגזלו אלו את הארון גם חזרו אלו וגזלוהו, עד שבאו זקנים ועשו פשרה ביניהם:	וגזלו	
495		אלו	
495		את	
495		הארון	
495		גם	
495		חזרו	
495		אלו	
495		וגזלוהו	
495		,	
495		עד	
495		שבאו	
495		זקנים	
495		ועשו	
495		פשרה	
495		ביניהם	
495		:	
496	ולקחו הארון.	ולקחו	
496		הארון	
496		.	
497	ועשו עמודי ברזל גבוהים בתוך הנהר.	ועשו	
497		עמודי	
497		ברזל	
497		גבוהים	
497		בתוך	
497		הנהר	
497		.	
498	ותלוהו עליהם בשלשלאות של ברזל:	ותלוהו	
498		עליהם	
498		בשלשלאות	
498		של	
498		ברזל	
498		:	
499	והארון הוא נחושת קלל.	והארון	
499		הוא	
499		נחושת	
499		קלל	
499		.	
500	והוא באמצע הנהר עשר אמות גבוה מן המים.	והוא	
500		באמצע	
500		הנהר	
500		עשר	
500		אמות	
500		גבוה	
500		מן	
500		המים	
500		.	
501	ורואין אותו למרחוק בזכוכית יפה:	ורואין	
501		אותו	
501		למרחוק	
501		בזכוכית	
501		יפה	
501		:	
502	ואמרו היהודים.	ואמרו	
502		היהודים	
502		.	
503	כל ספינה ההולכת תחת הארון אם הן זכאין ילכו לשלום.	כל	
503		ספינה	
503		ההולכת	
503		תחת	
503		הארון	
503		אם	
503		הן	
503		זכאין	
503		ילכו	
503		לשלום	
503		.	
504	ואם לאו תטבע במים:	ואם	
504		לאו	
504		תטבע	
504		במים	
504		:	
505	ויראים לעבור שם:	ויראים	
505		לעבור	
505		שם	
505		:	
506	ואמרו 40 לו שתחת ארונו של דניאל יש דגים נזמים של זהב באזניהם:	ואמרו	
506		40	
506		לו	
506		שתחת	
506		ארונו	
506		של	
506		דניאל	
506		יש	
506		דגים	
506		נזמים	
506		של	
506		זהב	
506		באזניהם	
506		:	
507	והוא לא עבר תחת ארונו.	והוא	
507		לא	
507		עבר	
507		תחת	
507		ארונו	
507		.	
508	אלא עמד על שפת הנהר וראה הארון:	אלא	
508		עמד	
508		על	
508		שפת	
508		הנהר	
508		וראה	
508		הארון	
508		:	
509	וחזר לבגדת.	וחזר	
509		לבגדת	
509		.	
510	והראו לו גמלא פרחא.	והראו	
510		לו	
510		גמלא	
510		פרחא	
510		.	
511	דנמיך הוא ורגליו דקין.	דנמיך	
511		הוא	
511		ורגליו	
511		דקין	
511		.	
512	וכשחפץ האדם לרכוב עליו קושרו עליו שלא יפול:	וכשחפץ	
512		האדם	
512		לרכוב	
512		עליו	
512		קושרו	
512		עליו	
512		שלא	
512		יפול	
512		:	
513	והרוכב מהלך מה שאדם הולך בחמשה עשר ימים.	והרוכב	
513		מהלך	
513		מה	
513		שאדם	
513		הולך	
513		בחמשה	
513		עשר	
513		ימים	
513		.	
514	הולך על גמלא פרחא ביום אחד:	הולך	
514		על	
514		גמלא	
514		פרחא	
514		ביום	
514		אחד	
514		:	
515	ויותר היה יכול לרכוב.	ויותר	
515		היה	
515		יכול	
515		לרכוב	
515		.	
516	אלא שאין האדם יכול לסבול.	אלא	
516		שאין	
516		האדם	
516		יכול	
516		לסבול	
516		.	
517	וברגע אחר מדלג מיל:	וברגע	
517		אחר	
517		מדלג	
517		מיל	
517		:	
518	והראו לו שערי בגדת.	והראו	
518		לו	
518		שערי	
518		בגדת	
518		.	
519	והשערים גבוהים מאה אמות ורחבם עשר אמות:	והשערים	
519		גבוהים	
519		מאה	
519		אמות	
519		ורחבם	
519		עשר	
519		אמות	
519		:	
520	והם של נחושת קלל ומצוייר, שאין אדם יכול לעשות דוגמתו:	והם	
520		של	
520		נחושת	
520		קלל	
520		ומצוייר	
520		,	
520		שאין	
520		אדם	
520		יכול	
520		לעשות	
520		דוגמתו	
520		:	
521	ומסמר אחד נפל ממנו.	ומסמר	
521		אחד	
521		נפל	
521		ממנו	
521		.	
522	ואין אומן יודע לתקוע בו אותו מסמר:	ואין	
522		אומן	
522		יודע	
522		לתקוע	
522		בו	
522		אותו	
522		מסמר	
522		:	
523	ומתחלה היו הסוסים נרתעים לאחוריהם כשרואין (השערים.) מפני שרואין זוהר הנחושת והסוסים נראים להסוסים כרצים לקראתם וברחו:	ומתחלה	
523		היו	
523		הסוסים	
523		נרתעים	
523		לאחוריהם	
523		כשרואין	
523		(	
523		השערים	
523		.	
523		)	
523		מפני	
523		שרואין	
523		זוהר	
523		הנחושת	
523		והסוסים	
523		נראים	
523		להסוסים	
523		כרצים	
523		לקראתם	
523		וברחו	
523		:	
524	ולקחו חומץ והרתיחו ושפכו על השערים.	ולקחו	
524		חומץ	
524		והרתיחו	
524		ושפכו	
524		על	
524		השערים	
524		.	
525	להעביר זוהר הזהב של נחושת הקלל.	להעביר	
525		זוהר	
525		הזהב	
525		של	
525		נחושת	
525		הקלל	
525		.	
526	בשביל הסוסים שיכנסו:	בשביל	
526		הסוסים	
526		שיכנסו	
526		:	
527	ונראה (זוהר הנחושת) למעלה מעט.	ונראה	
527		(	
527		זוהר	
527		הנחושת	
527		)	
527		למעלה	
527		מעט	
527		.	
528	שלא נשפך החומץ עליו:	שלא	
528		נשפך	
528		החומץ	
528		עליו	
528		:	
529	והשערים האלו הם משערי ירושלים:	והשערים	
529		האלו	
529		הם	
529		משערי	
529		ירושלים	
529		:	
530	וראש הישיבה יש לו כמה עבדים.	וראש	
530		הישיבה	
530		יש	
530		לו	
530		כמה	
530		עבדים	
530		.	
531	ומי שלא יעשה במהרה הציווי יכוהו.	ומי	
531		שלא	
531		יעשה	
531		במהרה	
531		הציווי	
531		יכוהו	
531		.	
532	ויראים ממנו:	ויראים	
532		ממנו	
532		:	
533	והוא צדיק ועניו ומלא תורה:	והוא	
533		צדיק	
533		ועניו	
533		ומלא	
533		תורה	
533		:	
534	42 ולובש בגדי זהב וצבעונין כמלך:	42	
534		ולובש	
534		בגדי	
534		זהב	
534		וצבעונין	
534		כמלך	
534		:	
535	ופלטין שלו ביריעות של מילת כמלך:	ופלטין	
535		שלו	
535		ביריעות	
535		של	
535		מילת	
535		כמלך	
535		:	
536	והלך בשני ימים מבגדת עד קצה בבל הישנה.	והלך	
536		בשני	
536		ימים	
536		מבגדת	
536		עד	
536		קצה	
536		בבל	
536		הישנה	
536		.	
537	והנה ביתו של נבוכדנצר חרב כלו.	והנה	
537		ביתו	
537		של	
537		נבוכדנצר	
537		חרב	
537		כלו	
537		.	
538	ואצל ביתו עמוד וביתו של דניאל כאילו הוא חדש:	ואצל	
538		ביתו	
538		עמוד	
538		וביתו	
538		של	
538		דניאל	
538		כאילו	
538		הוא	
538		חדש	
538		:	
539	ובמקום מושבו של דניאל יש אבן.	ובמקום	
539		מושבו	
539		של	
539		דניאל	
539		יש	
539		אבן	
539		.	
540	ובמקום רגליו שיש.	ובמקום	
540		רגליו	
540		שיש	
540		.	
541	ואבן אחד למעלה.	ואבן	
541		אחד	
541		למעלה	
541		.	
542	שהספר מונח עליו שכתב משם:	שהספר	
542		מונח	
542		עליו	
542		שכתב	
542		משם	
542		:	
543	ובכותל שבין (בית) דניאל לבית נבוכדנצר חלון קטן שהיה משליך בו כתבים.	ובכותל	
543		שבין	
543		(	
543		בית	
543		)	
543		דניאל	
543		לבית	
543		נבוכדנצר	
543		חלון	
543		קטן	
543		שהיה	
543		משליך	
543		בו	
543		כתבים	
543		.	
544	ומעלות למטה.	ומעלות	
544		למטה	
544		.	
545	שהיו יושבים לפניו שלשים חכמים כשרים:	שהיו	
545		יושבים	
545		לפניו	
545		שלשים	
545		חכמים	
545		כשרים	
545		:	
546	ואצל מקום מושבו לימינו תקועה אבן.	ואצל	
546		מקום	
546		מושבו	
546		לימינו	
546		תקועה	
546		אבן	
546		.	
547	ואמרו מסורת בידינו ששם כלי בית המקדש טמונים:	ואמרו	
547		מסורת	
547		בידינו	
547		ששם	
547		כלי	
547		בית	
547		המקדש	
547		טמונים	
547		:	
548	ופעם אחת באו שלטונים לחפור מפני שהוגד להם.	ופעם	
548		אחת	
548		באו	
548		שלטונים	
548		לחפור	
548		מפני	
548		שהוגד	
548		להם	
548		.	
549	וכשלקחו האבן נפלו מתים.	וכשלקחו	
549		האבן	
549		נפלו	
549		מתים	
549		.	
550	לפיכך לא לקחו כלום משם:	לפיכך	
550		לא	
550		לקחו	
550		כלום	
550		משם	
550		:	
551	ויצאו מאותו חדר.	ויצאו	
551		מאותו	
551		חדר	
551		.	
552	והעלוהו בעובי החומה במדריגות לעיליתיה שהיה מתפלל בה דניאל.	והעלוהו	
552		בעובי	
552		החומה	
552		במדריגות	
552		לעיליתיה	
552		שהיה	
552		מתפלל	
552		בה	
552		דניאל	
552		.	
553	והפתח מוטה שמכוון נגד ירושלים.	והפתח	
553		מוטה	
553		שמכוון	
553		נגד	
553		ירושלים	
553		.	
554	וכך נעשה באומנות שלא היה אדם יכול להגיד:	וכך	
554		נעשה	
554		באומנות	
554		שלא	
554		היה	
554		אדם	
554		יכול	
554		להגיד	
554		:	
555	וחזר ואמר שלא ראה אשה כל זמן שהיה בבבל.	וחזר	
555		ואמר	
555		שלא	
555		ראה	
555		אשה	
555		כל	
555		זמן	
555		שהיה	
555		בבבל	
555		.	
556	מפני שמכוסות וצנועות הן:	מפני	
556		שמכוסות	
556		וצנועות	
556		הן	
556		:	
557	וכל אחד ואחד יש לו מקוה בחצרו, ואינו מתפלל עד 44 שיטבול:	וכל	
557		אחד	
557		ואחד	
557		יש	
557		לו	
557		מקוה	
557		בחצרו	
557		,	
557		ואינו	
557		מתפלל	
557		עד	
557		44	
557		שיטבול	
557		:	
558	והולכי דרכים שם הולכים בלילה מפני החמימות:	והולכי	
558		דרכים	
558		שם	
558		הולכים	
558		בלילה	
558		מפני	
558		החמימות	
558		:	
559	ובימות החורף גדל הכל שם כבימות הקיץ בכאן:	ובימות	
559		החורף	
559		גדל	
559		הכל	
559		שם	
559		כבימות	
559		הקיץ	
559		בכאן	
559		:	
560	ומלאכתם רובה בלילה:	ומלאכתם	
560		רובה	
560		בלילה	
560		:	
561	ובכל ממש עולם אחר.	ובכל	
561		ממש	
561		עולם	
561		אחר	
561		.	
562	ועסקיהם בתורה וביראת שמים:	ועסקיהם	
562		בתורה	
562		וביראת	
562		שמים	
562		:	
563	ואף הישמעאלים נאמנים:	ואף	
563		הישמעאלים	
563		נאמנים	
563		:	
564	וכשהסוחר הולך שמה נותן הסחורה בבית אחד.	וכשהסוחר	
564		הולך	
564		שמה	
564		נותן	
564		הסחורה	
564		בבית	
564		אחד	
564		.	
565	והולך לו:	והולך	
565		לו	
565		:	
566	ומביאין אותה הסחורה בכל מקום על השוקים.	ומביאין	
566		אותה	
566		הסחורה	
566		בכל	
566		מקום	
566		על	
566		השוקים	
566		.	
567	אם רוצים לתת כמו שדבר הסוחר הרי טוב.	אם	
567		רוצים	
567		לתת	
567		כמו	
567		שדבר	
567		הסוחר	
567		הרי	
567		טוב	
567		.	
568	ואם לאו יראו הסחורה לכל התגרים:	ואם	
568		לאו	
568		יראו	
568		הסחורה	
568		לכל	
568		התגרים	
568		:	
569	ואם רואה שיתקלקל.	ואם	
569		רואה	
569		שיתקלקל	
569		.	
570	ימכור אותה:	ימכור	
570		אותה	
570		:	
571	והכל בנאמנות:	והכל	
571		בנאמנות	
571		:	
572	ובבבל יש שלשים בתי כנסיות.	ובבבל	
572		יש	
572		שלשים	
572		בתי	
572		כנסיות	
572		.	
573	לבד משל דניאל:	לבד	
573		משל	
573		דניאל	
573		:	
574	ואין חזן שם.	ואין	
574		חזן	
574		שם	
574		.	
575	ולמי שיצוה ראש הישיבה להתפלל מתפלל:	ולמי	
575		שיצוה	
575		ראש	
575		הישיבה	
575		להתפלל	
575		מתפלל	
575		:	
576	אחד אומר ביחיד מאה ברכות.	אחד	
576		אומר	
576		ביחיד	
576		מאה	
576		ברכות	
576		.	
577	ועונין אחריו אמן:	ועונין	
577		אחריו	
577		אמן	
577		:	
578	ואחר כך יעמוד אחד ויאמר ברוך שאמר בקול רם.	ואחר	
578		כך	
578		יעמוד	
578		אחד	
578		ויאמר	
578		ברוך	
578		שאמר	
578		בקול	
578		רם	
578		.	
579	ויעמוד אחר ויאמר כל השבחות:	ויעמוד	
579		אחר	
579		ויאמר	
579		כל	
579		השבחות	
579		:	
580	ומסייעין אותו הקהל:	ומסייעין	
580		אותו	
580		הקהל	
580		:	
581	וקולו נשמע למעלה מכולם כדי שלא ימהרו.	וקולו	
581		נשמע	
581		למעלה	
581		מכולם	
581		כדי	
581		שלא	
581		ימהרו	
581		.	
582	והכל אחריו:	והכל	
582		אחריו	
582		:	
583	ואומר ישתבח קודם ויושע.	ואומר	
583		ישתבח	
583		קודם	
583		ויושע	
583		.	
584	ואחר כך מתפלל וחולקים התפלה לכמה חזנים:	ואחר	
584		כך	
584		מתפלל	
584		וחולקים	
584		התפלה	
584		לכמה	
584		חזנים	
584		:	
585	ולא ידבר אחד עם חבירו בבית הכנסת ועומדים בתרבות:	ולא	
585		ידבר	
585		אחד	
585		עם	
585		חבירו	
585		בבית	
585		הכנסת	
585		ועומדים	
585		בתרבות	
585		:	
586	והכל בלא מנעלים בבית הכנסת יחפים:	והכל	
586		בלא	
586		מנעלים	
586		בבית	
586		הכנסת	
586		יחפים	
586		:	
587	וכשלומדים וטועים עצמם בניגון מראה להם ראש הישיבה באצבע.	וכשלומדים	
587		וטועים	
587		עצמם	
587		בניגון	
587		מראה	
587		להם	
587		ראש	
587		הישיבה	
587		באצבע	
587		.	
588	46 ומבינים היאך הוא הניגון:	46	
588		ומבינים	
588		היאך	
588		הוא	
588		הניגון	
588		:	
589	ויש בחור שיש לו קול נעים.	ויש	
589		בחור	
589		שיש	
589		לו	
589		קול	
589		נעים	
589		.	
590	ואומר מזמור בקול נעים:	ואומר	
590		מזמור	
590		בקול	
590		נעים	
590		:	
591	בחולו של מועד אומרים המזמורים בכלי שיר.	בחולו	
591		של	
591		מועד	
591		אומרים	
591		המזמורים	
591		בכלי	
591		שיר	
591		.	
592	ויש מסורות באיזה ניגונים.	ויש	
592		מסורות	
592		באיזה	
592		ניגונים	
592		.	
593	(ואל עשור) יש להם עשר ניגונים.	(	
593		ואל	
593		עשור	
593		)	
593		יש	
593		להם	
593		עשר	
593		ניגונים	
593		.	
594	ואל השמינית שמונה ניגונים.	ואל	
594		השמינית	
594		שמונה	
594		ניגונים	
594		.	
595	ועל כל מזמור יש כמה ניגונים:	ועל	
595		כל	
595		מזמור	
595		יש	
595		כמה	
595		ניגונים	
595		:	
596	וכשהיה רבי פתחיה בעיליתיה דדניאל הראו לו גוב אריות עמוק מאוד.	וכשהיה	
596		רבי	
596		פתחיה	
596		בעיליתיה	
596		דדניאל	
596		הראו	
596		לו	
596		גוב	
596		אריות	
596		עמוק	
596		מאוד	
596		.	
597	וכבשן האש חציו מלא מים:	וכבשן	
597		האש	
597		חציו	
597		מלא	
597		מים	
597		:	
598	ומי שיש לו חולי קדחת רוחץ וטובל בו.	ומי	
598		שיש	
598		לו	
598		חולי	
598		קדחת	
598		רוחץ	
598		וטובל	
598		בו	
598		.	
599	והוא מתרפא:	והוא	
599		מתרפא	
599		:	
600	ועוד כשהיה בבגדת ראה שלוחים של מלכי משך.	ועוד	
600		כשהיה	
600		בבגדת	
600		ראה	
600		שלוחים	
600		של	
600		מלכי	
600		משך	
600		.	
601	כי מגוג רחוק משם כמהלך עשרה ימים.	כי	
601		מגוג	
601		רחוק	
601		משם	
601		כמהלך	
601		עשרה	
601		ימים	
601		.	
602	והארץ מושך עד הרי חושך.	והארץ	
602		מושך	
602		עד	
602		הרי	
602		חושך	
602		.	
603	ומעבר להרי חושך בני יונדב בן רכב:	ומעבר	
603		להרי	
603		חושך	
603		בני	
603		יונדב	
603		בן	
603		רכב	
603		:	
604	ולשבעה מלכי משך בא מלאך בחלום.	ולשבעה	
604		מלכי	
604		משך	
604		בא	
604		מלאך	
604		בחלום	
604		.	
605	שיניחו דתיהם וחוקותיהם ויתפשו בתורת משה בן עמרם.	שיניחו	
605		דתיהם	
605		וחוקותיהם	
605		ויתפשו	
605		בתורת	
605		משה	
605		בן	
605		עמרם	
605		.	
606	ואם לא יחריבו את ארצם:	ואם	
606		לא	
606		יחריבו	
606		את	
606		ארצם	
606		:	
607	ונשתהו עד שהתחיל המלאך לשחת את ארצם:	ונשתהו	
607		עד	
607		שהתחיל	
607		המלאך	
607		לשחת	
607		את	
607		ארצם	
607		:	
608	ונתגיירו מלכי משך וכל ארצם.	ונתגיירו	
608		מלכי	
608		משך	
608		וכל	
608		ארצם	
608		.	
609	ושלחו לראש הישיבה שישלח להם תלמידי חכמים:	ושלחו	
609		לראש	
609		הישיבה	
609		שישלח	
609		להם	
609		תלמידי	
609		חכמים	
609		:	
610	וכל מי שהוא עני ותלמיד חכם הולך שמה:	וכל	
610		מי	
610		שהוא	
610		עני	
610		ותלמיד	
610		חכם	
610		הולך	
610		שמה	
610		:	
611	ללמדם ואת בניהם התורה ותלמוד הבבלי:	ללמדם	
611		ואת	
611		בניהם	
611		התורה	
611		ותלמוד	
611		הבבלי	
611		:	
612	ומארץ מצרים הולכים התלמידים שמה ללמוד:	ומארץ	
612		מצרים	
612		הולכים	
612		התלמידים	
612		שמה	
612		ללמוד	
612		:	
613	והוא ראה גם 48 השלוחים הולכים לקבר יחזקאל.	והוא	
613		ראה	
613		גם	
613		48	
613		השלוחים	
613		הולכים	
613		לקבר	
613		יחזקאל	
613		.	
614	כששמעו הנסים והמתפללים שם נענים:	כששמעו	
614		הנסים	
614		והמתפללים	
614		שם	
614		נענים	
614		:	
615	ואמר הרב רבי פתחיה.	ואמר	
615		הרב	
615		רבי	
615		פתחיה	
615		.	
616	שהרי אררט רחוקים מבבל מהלך חמשה ימים:	שהרי	
616		אררט	
616		רחוקים	
616		מבבל	
616		מהלך	
616		חמשה	
616		ימים	
616		:	
617	והרי אררט גבוהים.	והרי	
617		אררט	
617		גבוהים	
617		.	
618	והר אחד גבוה ולמעלה ממנו ארבעה הרים.	והר	
618		אחד	
618		גבוה	
618		ולמעלה	
618		ממנו	
618		ארבעה	
618		הרים	
618		.	
619	שנים כנגד שנים:	שנים	
619		כנגד	
619		שנים	
619		:	
620	ונכנסה תיבת נח בין אותן ההרים.	ונכנסה	
620		תיבת	
620		נח	
620		בין	
620		אותן	
620		ההרים	
620		.	
621	ולא יכלה לצאת משם:	ולא	
621		יכלה	
621		לצאת	
621		משם	
621		:	
622	ואין התיבה שם.	ואין	
622		התיבה	
622		שם	
622		.	
623	אלא נרקבה:	אלא	
623		נרקבה	
623		:	
624	וההרים מלאים קמשונים ועשבים.	וההרים	
624		מלאים	
624		קמשונים	
624		ועשבים	
624		.	
625	וכשירד הטל עליהם ירד מן עליהם.	וכשירד	
625		הטל	
625		עליהם	
625		ירד	
625		מן	
625		עליהם	
625		.	
626	וחם השמש ונמס:	וחם	
626		השמש	
626		ונמס	
626		:	
627	ומה שמלקטין בלילה.	ומה	
627		שמלקטין	
627		בלילה	
627		.	
628	אם הוא ממתין הוא נימוס:	אם	
628		הוא	
628		ממתין	
628		הוא	
628		נימוס	
628		:	
629	אלא לוקחין המן עם הקמשונים ועם העשבים.	אלא	
629		לוקחין	
629		המן	
629		עם	
629		הקמשונים	
629		ועם	
629		העשבים	
629		.	
630	וחותכין אותם.	וחותכין	
630		אותם	
630		.	
631	כי קשים הם מאוד:	כי	
631		קשים	
631		הם	
631		מאוד	
631		:	
632	והוא לבן כשלג:	והוא	
632		לבן	
632		כשלג	
632		:	
633	והעשבים והקמשונים מאוד מרים:	והעשבים	
633		והקמשונים	
633		מאוד	
633		מרים	
633		:	
634	וכשמבשלין אותם עם המן יהיו מתוקין מדבש ומכל מיני מתיקה.	וכשמבשלין	
634		אותם	
634		עם	
634		המן	
634		יהיו	
634		מתוקין	
634		מדבש	
634		ומכל	
634		מיני	
634		מתיקה	
634		.	
635	ואם היו מבשלין אותו בלא קמשונים.	ואם	
635		היו	
635		מבשלין	
635		אותו	
635		בלא	
635		קמשונים	
635		.	
636	איבריו היו מתפרדות מרוב המתיקה.	איבריו	
636		היו	
636		מתפרדות	
636		מרוב	
636		המתיקה	
636		.	
637	והם כגרעינים קטנים.	והם	
637		כגרעינים	
637		קטנים	
637		.	
638	ונתנו לו לאכול מעט.	ונתנו	
638		לו	
638		לאכול	
638		מעט	
638		.	
639	ונמס בפיו:	ונמס	
639		בפיו	
639		:	
640	והיה מתוק.	והיה	
640		מתוק	
640		.	
641	ונכנס בכל איבריו.	ונכנס	
641		בכל	
641		איבריו	
641		.	
642	ולא היה יכול לסבול המתיקה:	ולא	
642		היה	
642		יכול	
642		לסבול	
642		המתיקה	
642		:	
643	וכשהלך רבי פתחיה על קבר יחזקאל.	וכשהלך	
643		רבי	
643		פתחיה	
643		על	
643		קבר	
643		יחזקאל	
643		.	
644	ראה מגדל של דור הפלגה.	ראה	
644		מגדל	
644		של	
644		דור	
644		הפלגה	
644		.	
645	וכלו נפל.	וכלו	
645		נפל	
645		.	
646	והוא הר גבוה (מאוד) תל עולם.	והוא	
646		הר	
646		גבוה	
646		(	
646		מאוד	
646		)	
646		תל	
646		עולם	
646		.	
647	והעיר לפניו חרבה:	והעיר	
647		לפניו	
647		חרבה	
647		:	
648	50 והמלך שהיה בימי רבי שלמה אביו של רבי דניאל ראש גולה.	50	
648		והמלך	
648		שהיה	
648		בימי	
648		רבי	
648		שלמה	
648		אביו	
648		של	
648		רבי	
648		דניאל	
648		ראש	
648		גולה	
648		.	
649	כשראה הנוגה שיצא מקבר ברוך בן נריה.	כשראה	
649		הנוגה	
649		שיצא	
649		מקבר	
649		ברוך	
649		בן	
649		נריה	
649		.	
650	וטליתן נראה מעט בין שני אבני שיש יפה וזוהר גדול.	וטליתן	
650		נראה	
650		מעט	
650		בין	
650		שני	
650		אבני	
650		שיש	
650		יפה	
650		וזוהר	
650		גדול	
650		.	
651	הלך לעיר מק ששם קבר מחמט לראותו בקברו, והנה הא פגר מובס ונרקב.	הלך	
651		לעיר	
651		מק	
651		ששם	
651		קבר	
651		מחמט	
651		לראותו	
651		בקברו	
651		,	
651		והנה	
651		הא	
651		פגר	
651		מובס	
651		ונרקב	
651		.	
652	וריח רע עולה מקברו שלא היה אדם יכול לסבול:	וריח	
652		רע	
652		עולה	
652		מקברו	
652		שלא	
652		היה	
652		אדם	
652		יכול	
652		לסבול	
652		:	
653	ואמר לכל עמו.	ואמר	
653		לכל	
653		עמו	
653		.	
654	שאין ממשות לא במחמט ולא בדתו.	שאין	
654		ממשות	
654		לא	
654		במחמט	
654		ולא	
654		בדתו	
654		.	
655	והם רואים שברוך בן נריה שלם וטליתו יוצא מקברו.	והם	
655		רואים	
655		שברוך	
655		בן	
655		נריה	
655		שלם	
655		וטליתו	
655		יוצא	
655		מקברו	
655		.	
656	והוא תלמיד לנביא.	והוא	
656		תלמיד	
656		לנביא	
656		.	
657	והישמעאלים שהיו חופרים היו מתים.	והישמעאלים	
657		שהיו	
657		חופרים	
657		היו	
657		מתים	
657		.	
658	והיהודים לא הוזקו.	והיהודים	
658		לא	
658		הוזקו	
658		.	
659	לכך ידענו שהיהודים תופסים תורה של ברוך בן נריה:	לכך	
659		ידענו	
659		שהיהודים	
659		תופסים	
659		תורה	
659		של	
659		ברוך	
659		בן	
659		נריה	
659		:	
660	ולא הספיק לגייר הוא וכל עמו עד שמת.	ולא	
660		הספיק	
660		לגייר	
660		הוא	
660		וכל	
660		עמו	
660		עד	
660		שמת	
660		.	
661	ונתבטלה הגזירה שרצה לגייר כל עמו:	ונתבטלה	
661		הגזירה	
661		שרצה	
661		לגייר	
661		כל	
661		עמו	
661		:	
662	ועזרא הסופר (קבור) בסוף ארץ בבל:	ועזרא	
662		הסופר	
662		(	
662		קבור	
662		)	
662		בסוף	
662		ארץ	
662		בבל	
662		:	
663	וכשעמוד האש על קברו אין רואין הבית אשר בנוי עליו.	וכשעמוד	
663		האש	
663		על	
663		קברו	
663		אין	
663		רואין	
663		הבית	
663		אשר	
663		בנוי	
663		עליו	
663		.	
664	מפני הזוהר שעל קברו:	מפני	
664		הזוהר	
664		שעל	
664		קברו	
664		:	
665	ואחורי עיליתיה דדניאל פרדס נאה.	ואחורי	
665		עיליתיה	
665		דדניאל	
665		פרדס	
665		נאה	
665		.	
666	והתמרים עדיין עומדים גם הבאר שלו:	והתמרים	
666		עדיין	
666		עומדים	
666		גם	
666		הבאר	
666		שלו	
666		:	
667	ומי (ממנו) שהיה שם מעט היה מבין לשונם.	ומי	
667		(	
667		ממנו	
667		)	
667		שהיה	
667		שם	
667		מעט	
667		היה	
667		מבין	
667		לשונם	
667		.	
668	כי קרוב הוא ללשוננו או לתרגום.	כי	
668		קרוב	
668		הוא	
668		ללשוננו	
668		או	
668		לתרגום	
668		.	
669	כגון דרוך דֶרֶך, לחום לֶחֶם:	כגון	
669		דרוך	
669		דֶרֶך	
669		,	
669		לחום	
669		לֶחֶם	
669		:	
670	ובארץ ישמעאל גדל הזהב כעשבים:	ובארץ	
670		ישמעאל	
670		גדל	
670		הזהב	
670		כעשבים	
670		:	
671	ובלילה רואין זוהרו.	ובלילה	
671		רואין	
671		זוהרו	
671		.	
672	ועושין סימן בעפר 52 או בסיד.	ועושין	
672		סימן	
672		בעפר	
672		52	
672		או	
672		בסיד	
672		.	
673	ולמחר באין ולוקטין העשבין שהזהב עליהם:	ולמחר	
673		באין	
673		ולוקטין	
673		העשבין	
673		שהזהב	
673		עליהם	
673		:	
674	והזהובים מצויים שם.	והזהובים	
674		מצויים	
674		שם	
674		.	
675	ויש להם זהב הרבה:	ויש	
675		להם	
675		זהב	
675		הרבה	
675		:	
676	והחזיר פניו למערב.	והחזיר	
676		פניו	
676		למערב	
676		.	
677	וחזר לנינוה:	וחזר	
677		לנינוה	
677		:	
678	ומנינוה לנציבין.	ומנינוה	
678		לנציבין	
678		.	
679	ושם בית הכנסת שבנה עזרא.	ושם	
679		בית	
679		הכנסת	
679		שבנה	
679		עזרא	
679		.	
680	ועל האבן חקוק עזרא הסופר:	ועל	
680		האבן	
680		חקוק	
680		עזרא	
680		הסופר	
680		:	
681	והלך לחרן ולארם נהרים:	והלך	
681		לחרן	
681		ולארם	
681		נהרים	
681		:	
682	ויש בנציבין כשמונה מאות יהודים:	ויש	
682		בנציבין	
682		כשמונה	
682		מאות	
682		יהודים	
682		:	
683	ומשם לחמת:	ומשם	
683		לחמת	
683		:	
684	וכל הערים הגיד שמם.	וכל	
684		הערים	
684		הגיד	
684		שמם	
684		.	
685	וכמה ימים הלך מזו לזו, ואין צורך לכתוב:	וכמה	
685		ימים	
685		הלך	
685		מזו	
685		לזו	
685		,	
685		ואין	
685		צורך	
685		לכתוב	
685		:	
686	ומשם לחלב.	ומשם	
686		לחלב	
686		.	
687	היא ארם צובה:	היא	
687		ארם	
687		צובה	
687		:	
688	ולמה קורין אותה חלב.	ולמה	
688		קורין	
688		אותה	
688		חלב	
688		.	
689	כי בהר היה צאנו של אברהם אבינו.	כי	
689		בהר	
689		היה	
689		צאנו	
689		של	
689		אברהם	
689		אבינו	
689		.	
690	ומעלות יורדות מן ההר:	ומעלות	
690		יורדות	
690		מן	
690		ההר	
690		:	
691	שמשם היה מושיט לעניים חלב:	שמשם	
691		היה	
691		מושיט	
691		לעניים	
691		חלב	
691		:	
692	והלך לדמשק.	והלך	
692		לדמשק	
692		.	
693	והיא עיר גדולה.	והיא	
693		עיר	
693		גדולה	
693		.	
694	ומלך של מצרים מושל עליה:	ומלך	
694		של	
694		מצרים	
694		מושל	
694		עליה	
694		:	
695	ושם כעשרת אלפים יהודים.	ושם	
695		כעשרת	
695		אלפים	
695		יהודים	
695		.	
696	ונשיא להם:	ונשיא	
696		להם	
696		:	
697	וראש ישיבה שלהם רבי עזרא מלא תורה.	וראש	
697		ישיבה	
697		שלהם	
697		רבי	
697		עזרא	
697		מלא	
697		תורה	
697		.	
698	כי סמכו רבי שמואל ראש הישיבה מבבל:	כי	
698		סמכו	
698		רבי	
698		שמואל	
698		ראש	
698		הישיבה	
698		מבבל	
698		:	
699	ודמשק ארץ טובה בתוך גנות ופרדסים.	ודמשק	
699		ארץ	
699		טובה	
699		בתוך	
699		גנות	
699		ופרדסים	
699		.	
700	וסילונות גבוהות שמהן מקלחים מים ובריכות גדולות מאוד.	וסילונות	
700		גבוהות	
700		שמהן	
700		מקלחים	
700		מים	
700		ובריכות	
700		גדולות	
700		מאוד	
700		.	
701	והמים טובים מאוד וכל מיני פירות ומגדים שם:	והמים	
701		טובים	
701		מאוד	
701		וכל	
701		מיני	
701		פירות	
701		ומגדים	
701		שם	
701		:	
702	ואומרים הישמעאלים.	ואומרים	
702		הישמעאלים	
702		.	
703	אם גן עדן בארץ אז דמשק הוא גן עדן.	אם	
703		גן	
703		עדן	
703		בארץ	
703		אז	
703		דמשק	
703		הוא	
703		גן	
703		עדן	
703		.	
704	ואם בשמים הוא אז דמשק עומד כנגדו בארץ מלמטה:	ואם	
704		בשמים	
704		הוא	
704		אז	
704		דמשק	
704		עומד	
704		כנגדו	
704		בארץ	
704		מלמטה	
704		:	
705	ומי שהולך לדמשק רואה 54 הר שעיר לצדדין.	ומי	
705		שהולך	
705		לדמשק	
705		רואה	
705		54	
705		הר	
705		שעיר	
705		לצדדין	
705		.	
706	והר חרמון והר הלבנון.	והר	
706		חרמון	
706		והר	
706		הלבנון	
706		.	
707	ובארץ סיחון ועוג אין עשב וצמח.	ובארץ	
707		סיחון	
707		ועוג	
707		אין	
707		עשב	
707		וצמח	
707		.	
708	כמהפכת סדום ועמורה:	כמהפכת	
708		סדום	
708		ועמורה	
708		:	
709	וראה קבר ארוך שמונים אמה.	וראה	
709		קבר	
709		ארוך	
709		שמונים	
709		אמה	
709		.	
710	ואמרו שהוא קבר של שם בן נח.	ואמרו	
710		שהוא	
710		קבר	
710		של	
710		שם	
710		בן	
710		נח	
710		.	
711	אבל היהודים לא אמרו זה:	אבל	
711		היהודים	
711		לא	
711		אמרו	
711		זה	
711		:	
712	ולסוריא כמהלך שני ימים.	ולסוריא	
712		כמהלך	
712		שני	
712		ימים	
712		.	
713	ועובר הירדן במערה כמו שאמרו ממערת פמייס:	ועובר	
713		הירדן	
713		במערה	
713		כמו	
713		שאמרו	
713		ממערת	
713		פמייס	
713		:	
714	ובא לטבריה ושם קהילה.	ובא	
714		לטבריה	
714		ושם	
714		קהילה	
714		.	
715	כי גם בארץ ישראל יש קהילות.	כי	
715		גם	
715		בארץ	
715		ישראל	
715		יש	
715		קהילות	
715		.	
716	אלא שאין בהן אלא כמאה או כמאתים או כשלש מאות בעלי בתים:	אלא	
716		שאין	
716		בהן	
716		אלא	
716		כמאה	
716		או	
716		כמאתים	
716		או	
716		כשלש	
716		מאות	
716		בעלי	
716		בתים	
716		:	
717	ובטבריה יש בית הכנסת שבנה יהושע בן נון:	ובטבריה	
717		יש	
717		בית	
717		הכנסת	
717		שבנה	
717		יהושע	
717		בן	
717		נון	
717		:	
718	ובצפורי קבור רבינו הקדוש.	ובצפורי	
718		קבור	
718		רבינו	
718		הקדוש	
718		.	
719	וריח טוב יוצא מקברו.	וריח	
719		טוב	
719		יוצא	
719		מקברו	
719		.	
720	וכשרחוקים מיל משם מריחין הריח הטוב היוצא מקברו:	וכשרחוקים	
720		מיל	
720		משם	
720		מריחין	
720		הריח	
720		הטוב	
720		היוצא	
720		מקברו	
720		:	
721	וקברים של ארץ ישראל בכוכין.	וקברים	
721		של	
721		ארץ	
721		ישראל	
721		בכוכין	
721		.	
722	ולא של בבל.	ולא	
722		של	
722		בבל	
722		.	
723	לפי שבבבל מים מצויים.	לפי	
723		שבבבל	
723		מים	
723		מצויים	
723		.	
724	ואינם יכולים לחפור מערות עמוקות:	ואינם	
724		יכולים	
724		לחפור	
724		מערות	
724		עמוקות	
724		:	
725	ומזרע רבי יש בחור ושמו רבי נהוראי.	ומזרע	
725		רבי	
725		יש	
725		בחור	
725		ושמו	
725		רבי	
725		נהוראי	
725		.	
726	ויש לו בן ושמו רבי יהודה על שם רבי יהודה הנשיא.	ויש	
726		לו	
726		בן	
726		ושמו	
726		רבי	
726		יהודה	
726		על	
726		שם	
726		רבי	
726		יהודה	
726		הנשיא	
726		.	
727	ויש לו ספר היחס עד רבי:	ויש	
727		לו	
727		ספר	
727		היחס	
727		עד	
727		רבי	
727		:	
728	ורבי נהוראי רופא ומוכר בשמים בשוק.	ורבי	
728		נהוראי	
728		רופא	
728		ומוכר	
728		בשמים	
728		בשוק	
728		.	
729	ובניו לפניו בחנותו.	ובניו	
729		לפניו	
729		בחנותו	
729		.	
730	ומכוסין שלא יראו לכאן ולכאן.	ומכוסין	
730		שלא	
730		יראו	
730		לכאן	
730		ולכאן	
730		.	
731	והוא תלמיד חכם וצדיק:	והוא	
731		תלמיד	
731		חכם	
731		וצדיק	
731		:	
732	וטבריה וציפורי וכל הערים שבמישור.	וטבריה	
732		וציפורי	
732		וכל	
732		הערים	
732		שבמישור	
732		.	
733	גליל התחתון:	גליל	
733		התחתון	
733		:	
734	וראה אושא ושפרעם.	וראה	
734		אושא	
734		ושפרעם	
734		.	
735	שהיה רבן גמליאל במקום סנהדרין:	שהיה	
735		רבן	
735		גמליאל	
735		במקום	
735		סנהדרין	
735		:	
736	ובעכו יש יהודים 56 וביבנה יש מעיין שנובע כל ששת הימים.	ובעכו	
736		יש	
736		יהודים	
736		56	
736		וביבנה	
736		יש	
736		מעיין	
736		שנובע	
736		כל	
736		ששת	
736		הימים	
736		.	
737	ובשבת אפילו טיפה אחת לא נמצאת בו:	ובשבת	
737		אפילו	
737		טיפה	
737		אחת	
737		לא	
737		נמצאת	
737		בו	
737		:	
738	ובגליל התחתון יש מערה.	ובגליל	
738		התחתון	
738		יש	
738		מערה	
738		.	
739	ובפנים היא רחבה וגבוהה.	ובפנים	
739		היא	
739		רחבה	
739		וגבוהה	
739		.	
740	מצד אחד של המערה קבורים שמאי ותלמידיו.	מצד	
740		אחד	
740		של	
740		המערה	
740		קבורים	
740		שמאי	
740		ותלמידיו	
740		.	
741	ומצד אחר הילל ותלמידיו:	ומצד	
741		אחר	
741		הילל	
741		ותלמידיו	
741		:	
742	ובאמצע המערה אבן גדולה חלולה כמו כוס.	ובאמצע	
742		המערה	
742		אבן	
742		גדולה	
742		חלולה	
742		כמו	
742		כוס	
742		.	
743	ונכנס בבית קיבולה כארבעים סאה ויותר:	ונכנס	
743		בבית	
743		קיבולה	
743		כארבעים	
743		סאה	
743		ויותר	
743		:	
744	וכשבאין שמה אנשים הגונים יראה האבן מלא מים יפים.	וכשבאין	
744		שמה	
744		אנשים	
744		הגונים	
744		יראה	
744		האבן	
744		מלא	
744		מים	
744		יפים	
744		.	
745	וירחץ ידיו ומתפלל.	וירחץ	
745		ידיו	
745		ומתפלל	
745		.	
746	ויבקש מה שירצה:	ויבקש	
746		מה	
746		שירצה	
746		:	
747	ואין האבן חלולה מתחת.	ואין	
747		האבן	
747		חלולה	
747		מתחת	
747		.	
748	כי המים אינם באים מן הקרקע.	כי	
748		המים	
748		אינם	
748		באים	
748		מן	
748		הקרקע	
748		.	
749	אלא נעשה לכבוד אדם הגון.	אלא	
749		נעשה	
749		לכבוד	
749		אדם	
749		הגון	
749		.	
750	ולאדם שאינו הגון לא יראו המים:	ולאדם	
750		שאינו	
750		הגון	
750		לא	
750		יראו	
750		המים	
750		:	
751	ואם ישאבון מן האבן אלף כדים מים.	ואם	
751		ישאבון	
751		מן	
751		האבן	
751		אלף	
751		כדים	
751		מים	
751		.	
752	לא יהיה חסר אלא מלא כהוויתו:	לא	
752		יהיה	
752		חסר	
752		אלא	
752		מלא	
752		כהוויתו	
752		:	
753	והלך לגליל העליון.	והלך	
753		לגליל	
753		העליון	
753		.	
754	ועמד בהרים:	ועמד	
754		בהרים	
754		:	
755	ושם ניתאי הארבלי בארבל:	ושם	
755		ניתאי	
755		הארבלי	
755		בארבל	
755		:	
756	והר געש גבוה מאוד.	והר	
756		געש	
756		גבוה	
756		מאוד	
756		.	
757	ובו קבור עובדיה הנביא.	ובו	
757		קבור	
757		עובדיה	
757		הנביא	
757		.	
758	ועולין בו במעלות שעשויין בהר:	ועולין	
758		בו	
758		במעלות	
758		שעשויין	
758		בהר	
758		:	
759	ובאמצע ההר קבור יהושע בן נון.	ובאמצע	
759		ההר	
759		קבור	
759		יהושע	
759		בן	
759		נון	
759		.	
760	ואצלו כלב בן יפונה:	ואצלו	
760		כלב	
760		בן	
760		יפונה	
760		:	
761	ואצלם נובע מעיין מים טובים מן ההר.	ואצלם	
761		נובע	
761		מעיין	
761		מים	
761		טובים	
761		מן	
761		ההר	
761		.	
762	ובנויים היכלות נאים אצל הקברים:	ובנויים	
762		היכלות	
762		נאים	
762		אצל	
762		הקברים	
762		:	
763	וכל בנין ארץ ישראל של אבנים:	וכל	
763		בנין	
763		ארץ	
763		ישראל	
763		של	
763		אבנים	
763		:	
764	ואצל היכל אחד ניכרת פסיעה אחת כאדם הפוסע בשלג.	ואצל	
764		היכל	
764		אחד	
764		ניכרת	
764		פסיעה	
764		אחת	
764		כאדם	
764		הפוסע	
764		בשלג	
764		.	
765	וזו היא שדרך 58 בה המלאך.	וזו	
765		היא	
765		שדרך	
765		58	
765		בה	
765		המלאך	
765		.	
766	ונתגעשה ארץ ישראל לאחר מות יהושע:	ונתגעשה	
766		ארץ	
766		ישראל	
766		לאחר	
766		מות	
766		יהושע	
766		:	
767	ואמר רבי פתחיה.	ואמר	
767		רבי	
767		פתחיה	
767		.	
768	שכל ארץ ישראל היא כמהלך שלשה ימים:	שכל	
768		ארץ	
768		ישראל	
768		היא	
768		כמהלך	
768		שלשה	
768		ימים	
768		:	
769	והלך משם לקבר יונה בן אמיתי.	והלך	
769		משם	
769		לקבר	
769		יונה	
769		בן	
769		אמיתי	
769		.	
770	והיכל יפה בנוי עליו:	והיכל	
770		יפה	
770		בנוי	
770		עליו	
770		:	
771	ויש אצלו פרדס:	ויש	
771		אצלו	
771		פרדס	
771		:	
772	וכל מיני פירות שם:	וכל	
772		מיני	
772		פירות	
772		שם	
772		:	
773	ושומר הפרדס הוא גוי:	ושומר	
773		הפרדס	
773		הוא	
773		גוי	
773		:	
774	וכשבאים גוים שמה אינו נותן להם מאומה מן הפירות.	וכשבאים	
774		גוים	
774		שמה	
774		אינו	
774		נותן	
774		להם	
774		מאומה	
774		מן	
774		הפירות	
774		.	
775	וכשהיהודים באים שמה מקבל אותם בסבר פנים יפות.	וכשהיהודים	
775		באים	
775		שמה	
775		מקבל	
775		אותם	
775		בסבר	
775		פנים	
775		יפות	
775		.	
776	ואומר להם יונה בן אמיתי יהודי היה.	ואומר	
776		להם	
776		יונה	
776		בן	
776		אמיתי	
776		יהודי	
776		היה	
776		.	
777	לכך ראוי לכם משלו.	לכך	
777		ראוי	
777		לכם	
777		משלו	
777		.	
778	ומאכיל את היהודים:	ומאכיל	
778		את	
778		היהודים	
778		:	
779	ובא לקבר רחל לאפרת.	ובא	
779		לקבר	
779		רחל	
779		לאפרת	
779		.	
780	מהלך חצי יום מירושלים:	מהלך	
780		חצי	
780		יום	
780		מירושלים	
780		:	
781	ועל קברה אחת עשרה אבנים כמניין אחד עשר שבטים.	ועל	
781		קברה	
781		אחת	
781		עשרה	
781		אבנים	
781		כמניין	
781		אחד	
781		עשר	
781		שבטים	
781		.	
782	ולפי שעדיין לא נולד בנימין אלא בצאת נפשה.	ולפי	
782		שעדיין	
782		לא	
782		נולד	
782		בנימין	
782		אלא	
782		בצאת	
782		נפשה	
782		.	
783	(אין שם אבן כנגדו:)	(	
783		אין	
783		שם	
783		אבן	
783		כנגדו	
783		:	
783		)	
784	והם שיש.	והם	
784		שיש	
784		.	
785	ואבן של יעקב שיש אחד והיא על כלם.	ואבן	
785		של	
785		יעקב	
785		שיש	
785		אחד	
785		והיא	
785		על	
785		כלם	
785		.	
786	וגדולה היא מאוד משא הרבה בני אדם.	וגדולה	
786		היא	
786		מאוד	
786		משא	
786		הרבה	
786		בני	
786		אדם	
786		.	
787	ומשם מיל אחד יש כומרים.	ומשם	
787		מיל	
787		אחד	
787		יש	
787		כומרים	
787		.	
788	ולקחו את האבן הגדולה מעל הקבר וקבעו אותה בבנין עבודה זרה:	ולקחו	
788		את	
788		האבן	
788		הגדולה	
788		מעל	
788		הקבר	
788		וקבעו	
788		אותה	
788		בבנין	
788		עבודה	
788		זרה	
788		:	
789	ולמחר ראו אותה על הקבר כאשר בתחלה.	ולמחר	
789		ראו	
789		אותה	
789		על	
789		הקבר	
789		כאשר	
789		בתחלה	
789		.	
790	כן עשו כמה פעמים.	כן	
790		עשו	
790		כמה	
790		פעמים	
790		.	
791	ונמנעו מלקחתה עוד:	ונמנעו	
791		מלקחתה	
791		עוד	
791		:	
792	וחקוק על האבן שם יעקב:	וחקוק	
792		על	
792		האבן	
792		שם	
792		יעקב	
792		:	
793	וראה האבן שעל הבאר אצל חרן.	וראה	
793		האבן	
793		שעל	
793		הבאר	
793		אצל	
793		חרן	
793		.	
794	וארבעים בני אדם אין מזיזין אותה ממקומו:	וארבעים	
794		בני	
794		אדם	
794		אין	
794		מזיזין	
794		אותה	
794		ממקומו	
794		:	
795	והבאר עמוק כשלש מאות אמות.	והבאר	
795		עמוק	
795		כשלש	
795		מאות	
795		אמות	
795		.	
796	ואין מים מצויים שם:	ואין	
796		מים	
796		מצויים	
796		שם	
796		:	
797	60 והלך לירושלים.	60	
797		והלך	
797		לירושלים	
797		.	
798	ואין שם אלא רבי אברהם הצבע.	ואין	
798		שם	
798		אלא	
798		רבי	
798		אברהם	
798		הצבע	
798		.	
799	והוא נותן מס הרבה למלך שמניחו שם:	והוא	
799		נותן	
799		מס	
799		הרבה	
799		למלך	
799		שמניחו	
799		שם	
799		:	
800	והראו לו הר הזיתים.	והראו	
800		לו	
800		הר	
800		הזיתים	
800		.	
801	וראה שהמעזיבה ריצפה גבוהה שלש אמות.	וראה	
801		שהמעזיבה	
801		ריצפה	
801		גבוהה	
801		שלש	
801		אמות	
801		.	
802	והיא רחבה:	והיא	
802		רחבה	
802		:	
803	והיכל נאה שם שבנו הישמעאלים בימי קדם.	והיכל	
803		נאה	
803		שם	
803		שבנו	
803		הישמעאלים	
803		בימי	
803		קדם	
803		.	
804	כשהיתה ירושלים בידי הישמעאלים:	כשהיתה	
804		ירושלים	
804		בידי	
804		הישמעאלים	
804		:	
805	ובאו פריצים והלשינו למלך הישמעאלים.	ובאו	
805		פריצים	
805		והלשינו	
805		למלך	
805		הישמעאלים	
805		.	
806	ואמרו זקן אחד יש בינינו שיודע מקום היכל ועזרה:	ואמרו	
806		זקן	
806		אחד	
806		יש	
806		בינינו	
806		שיודע	
806		מקום	
806		היכל	
806		ועזרה	
806		:	
807	ודחק אותו המלך.	ודחק	
807		אותו	
807		המלך	
807		.	
808	עד שהראה לו:	עד	
808		שהראה	
808		לו	
808		:	
809	והמלך היה אוהב יהודים.	והמלך	
809		היה	
809		אוהב	
809		יהודים	
809		.	
810	ואמר אני רוצה לבנות היכל שם.	ואמר	
810		אני	
810		רוצה	
810		לבנות	
810		היכל	
810		שם	
810		.	
811	ולא יתפללו שם אלא יהודים:	ולא	
811		יתפללו	
811		שם	
811		אלא	
811		יהודים	
811		:	
812	ובנה ההיכל מאבני שיש.	ובנה	
812		ההיכל	
812		מאבני	
812		שיש	
812		.	
813	בנין נאה מן אבני שיש אדומים וירוקים וכל מיני מראה:	בנין	
813		נאה	
813		מן	
813		אבני	
813		שיש	
813		אדומים	
813		וירוקים	
813		וכל	
813		מיני	
813		מראה	
813		:	
814	ובאו גוים ושמו בו צלמים.	ובאו	
814		גוים	
814		ושמו	
814		בו	
814		צלמים	
814		.	
815	והיו נופלים.	והיו	
815		נופלים	
815		.	
816	וקבעו הצלם בעובי הכותל.	וקבעו	
816		הצלם	
816		בעובי	
816		הכותל	
816		.	
817	אבל בבית קדשי הקדשים לא היה יכול לעמוד:	אבל	
817		בבית	
817		קדשי	
817		הקדשים	
817		לא	
817		היה	
817		יכול	
817		לעמוד	
817		:	
818	והשפיטל שהעניים שם מצד אחד.	והשפיטל	
818		שהעניים	
818		שם	
818		מצד	
818		אחד	
818		.	
819	והארץ מבוקעת.	והארץ	
819		מבוקעת	
819		.	
820	ונקרא גיא בן הינום.	ונקרא	
820		גיא	
820		בן	
820		הינום	
820		.	
821	ושם בית קבורה שלהם:	ושם	
821		בית	
821		קבורה	
821		שלהם	
821		:	
822	וכל ארץ ישראל כמהלך שלשה ימים:	וכל	
822		ארץ	
822		ישראל	
822		כמהלך	
822		שלשה	
822		ימים	
822		:	
823	וראה ים המלח סדום ועמורה.	וראה	
823		ים	
823		המלח	
823		סדום	
823		ועמורה	
823		.	
824	ואין בו עשב:	ואין	
824		בו	
824		עשב	
824		:	
825	ונציב מלח אמר שלא ראה ואינו בעולם.	ונציב	
825		מלח	
825		אמר	
825		שלא	
825		ראה	
825		ואינו	
825		בעולם	
825		.	
826	וגם האבנים שהעמיד יהושע לא ראה:	וגם	
826		האבנים	
826		שהעמיד	
826		יהושע	
826		לא	
826		ראה	
826		:	
827	והלך לחברון.	והלך	
827		לחברון	
827		.	
828	וראה על המערה היכל גדול שבנה אברהם אבינו:	וראה	
828		על	
828		המערה	
828		היכל	
828		גדול	
828		שבנה	
828		אברהם	
828		אבינו	
828		:	
829	ויש בו אבנים 62 גדולות שבע ועשרים או שמונה ועשרים אמות.	ויש	
829		בו	
829		אבנים	
829		62	
829		גדולות	
829		שבע	
829		ועשרים	
829		או	
829		שמונה	
829		ועשרים	
829		אמות	
829		.	
830	וכל ראש פינה כמו שבעים אמות:	וכל	
830		ראש	
830		פינה	
830		כמו	
830		שבעים	
830		אמות	
830		:	
831	ונתן למי שהמפתח של המערה בידו זהוב.	ונתן	
831		למי	
831		שהמפתח	
831		של	
831		המערה	
831		בידו	
831		זהוב	
831		.	
832	להביא אותו לקברי האבות:	להביא	
832		אותו	
832		לקברי	
832		האבות	
832		:	
833	ופתח לו.	ופתח	
833		לו	
833		.	
834	והנה על הפתח צלם ושלשה כוכין בפנים:	והנה	
834		על	
834		הפתח	
834		צלם	
834		ושלשה	
834		כוכין	
834		בפנים	
834		:	
835	ואמרו היהודים שבעכו הזהר כי שמו שלשה פגרים בתחלת המערה ואמרו שהם האבות.	ואמרו	
835		היהודים	
835		שבעכו	
835		הזהר	
835		כי	
835		שמו	
835		שלשה	
835		פגרים	
835		בתחלת	
835		המערה	
835		ואמרו	
835		שהם	
835		האבות	
835		.	
836	ואינם:	ואינם	
836		:	
837	ושומר המערה אמר לו שהם:	ושומר	
837		המערה	
837		אמר	
837		לו	
837		שהם	
837		:	
838	והוסיף לו עוד זהוב.	והוסיף	
838		לו	
838		עוד	
838		זהוב	
838		.	
839	להכניסו למערה:	להכניסו	
839		למערה	
839		:	
840	להכנס בזה השער:	להכנס	
840		בזה	
840		השער	
840		:	
841	והביא נרות.	והביא	
841		נרות	
841		.	
842	והכניסו לפנים:	והכניסו	
842		לפנים	
842		:	
843	וירדו במעלות.	וירדו	
843		במעלות	
843		.	
844	ולקודם זאת המערה מבחוץ ירדו בחמש עשרה מעלות:	ולקודם	
844		זאת	
844		המערה	
844		מבחוץ	
844		ירדו	
844		בחמש	
844		עשרה	
844		מעלות	
844		:	
845	ובאו לתוך מערה רחבה מאוד.	ובאו	
845		לתוך	
845		מערה	
845		רחבה	
845		מאוד	
845		.	
846	ובאמצע המערה פתח בקרקע:	ובאמצע	
846		המערה	
846		פתח	
846		בקרקע	
846		:	
847	והקרקע כלה סלע.	והקרקע	
847		כלה	
847		סלע	
847		.	
848	וכל הקברות הם בחלל הסלע:	וכל	
848		הקברות	
848		הם	
848		בחלל	
848		הסלע	
848		:	
849	ועל אותו פתח שבאמצע מונחים חתיכות ברזל עבין ביותר, ואין אדם יכול לעשות כזה אם לא בידי שמים:	ועל	
849		אותו	
849		פתח	
849		שבאמצע	
849		מונחים	
849		חתיכות	
849		ברזל	
849		עבין	
849		ביותר	
849		,	
849		ואין	
849		אדם	
849		יכול	
849		לעשות	
849		כזה	
849		אם	
849		לא	
849		בידי	
849		שמים	
849		:	
850	ורוח סערה יוצא מן הנקבים שבין ברזל לברזל, ולא היה יכול לבוא בנרות שמה:	ורוח	
850		סערה	
850		יוצא	
850		מן	
850		הנקבים	
850		שבין	
850		ברזל	
850		לברזל	
850		,	
850		ולא	
850		היה	
850		יכול	
850		לבוא	
850		בנרות	
850		שמה	
850		:	
851	והבין ששם האבות.	והבין	
851		ששם	
851		האבות	
851		.	
852	והתפלל שם:	והתפלל	
852		שם	
852		:	
853	וכשהיה שוחה על פי המערה.	וכשהיה	
853		שוחה	
853		על	
853		פי	
853		המערה	
853		.	
854	היה רוח סערה יוצוא ומשליכו לאחוריו:	היה	
854		רוח	
854		סערה	
854		יוצוא	
854		ומשליכו	
854		לאחוריו	
854		:	
855	64 ובירושלים יש שער.	64	
855		ובירושלים	
855		יש	
855		שער	
855		.	
856	ושמו שער הרחמים:	ושמו	
856		שער	
856		הרחמים	
856		:	
857	ואותו שער ממולא אבנים וסיד.	ואותו	
857		שער	
857		ממולא	
857		אבנים	
857		וסיד	
857		.	
858	ואין שום יהודי וכל שכן שאין גוי רשאי לבוא שמה:	ואין	
858		שום	
858		יהודי	
858		וכל	
858		שכן	
858		שאין	
858		גוי	
858		רשאי	
858		לבוא	
858		שמה	
858		:	
859	ופעם אחת רצו הגוים להסיר ולפתוח השער.	ופעם	
859		אחת	
859		רצו	
859		הגוים	
859		להסיר	
859		ולפתוח	
859		השער	
859		.	
860	ונתרעשה ארץ ישראל.	ונתרעשה	
860		ארץ	
860		ישראל	
860		.	
861	והיתה מהומה בעיר עד שחדלו.	והיתה	
861		מהומה	
861		בעיר	
861		עד	
861		שחדלו	
861		.	
862	ויש מסורת בידי היהודים.	ויש	
862		מסורת	
862		בידי	
862		היהודים	
862		.	
863	שדרך אותו השער גלתה השכינה.	שדרך	
863		אותו	
863		השער	
863		גלתה	
863		השכינה	
863		.	
864	ובו עתידה לשוב.	ובו	
864		עתידה	
864		לשוב	
864		.	
865	והוא מכוון נגד הר הזיתים.	והוא	
865		מכוון	
865		נגד	
865		הר	
865		הזיתים	
865		.	
866	והר הזיתים נמוך ממנו, והעומד בהר הזה רואהו:	והר	
866		הזיתים	
866		נמוך	
866		ממנו	
866		,	
866		והעומד	
866		בהר	
866		הזה	
866		רואהו	
866		:	
867	ועמדו רגליו ביום ההוא על הר הזיתים.	ועמדו	
867		רגליו	
867		ביום	
867		ההוא	
867		על	
867		הר	
867		הזיתים	
867		.	
868	עין בעין יראו בשוב ה׳ ציון:	עין	
868		בעין	
868		יראו	
868		בשוב	
868		ה׳	
868		ציון	
868		:	
869	דרך אותו שער ומתפללין שם.	דרך	
869		אותו	
869		שער	
869		ומתפללין	
869		שם	
869		.	
870	ומגדל דוד קיים:	ומגדל	
870		דוד	
870		קיים	
870		:	
871	ובדמשק יש בית הכנסת אחת שבנה אלישע:	ובדמשק	
871		יש	
871		בית	
871		הכנסת	
871		אחת	
871		שבנה	
871		אלישע	
871		:	
872	ואחת שבנה רבי אליעזר בן עזריה.	ואחת	
872		שבנה	
872		רבי	
872		אליעזר	
872		בן	
872		עזריה	
872		.	
873	והיא גדולה ובה מתפללין:	והיא	
873		גדולה	
873		ובה	
873		מתפללין	
873		:	
874	.באילוני ממרא רחוק משם היה יושב זקן אחד וכשבא רבי פתחיה שמה נטה הזקן למות:	באילוני	
874		ממרא	
874		רחוק	
874		משם	
874		היה	
874		יושב	
874		זקן	
874		אחד	
874		וכשבא	
874		רבי	
874		פתחיה	
874		שמה	
874		נטה	
874		הזקן	
874		למות	
874		:	
875	וצוה לבנו להראות לרבי פתחיה העץ שנשענו בו המלאכים.	וצוה	
875		לבנו	
875		להראות	
875		לרבי	
875		פתחיה	
875		העץ	
875		שנשענו	
875		בו	
875		המלאכים	
875		.	
876	והראה לו זית אחד יפה.	והראה	
876		לו	
876		זית	
876		אחד	
876		יפה	
876		.	
877	ונחלק לשלשה חלקים.	ונחלק	
877		לשלשה	
877		חלקים	
877		.	
878	ואבן שיש באמצע.	ואבן	
878		שיש	
878		באמצע	
878		.	
879	וקבלה בידם.	וקבלה	
879		בידם	
879		.	
880	שכשישבו המלאכים נחלק העץ לשלשה חלקים.	שכשישבו	
880		המלאכים	
880		נחלק	
880		העץ	
880		לשלשה	
880		חלקים	
880		.	
881	שכל אחד נשען על עץ אחד.	שכל	
881		אחד	
881		נשען	
881		על	
881		עץ	
881		אחד	
881		.	
882	וישבו על האבן.	וישבו	
882		על	
882		האבן	
882		.	
883	ופירות העץ מתוקים מאוד, ואצל העץ בארה של 66 שרה.	ופירות	
883		העץ	
883		מתוקים	
883		מאוד	
883		,	
883		ואצל	
883		העץ	
883		בארה	
883		של	
883		66	
883		שרה	
883		.	
884	ומימיה מתוקין וצלולין.	ומימיה	
884		מתוקין	
884		וצלולין	
884		.	
885	ואצל הבאר אוהל שרה.	ואצל	
885		הבאר	
885		אוהל	
885		שרה	
885		.	
886	ואצל ממרא מישור:	ואצל	
886		ממרא	
886		מישור	
886		:	
887	ומצדו האחר כמאה אמות מבארה של שרה עד בארו של אברהם אבינו.	ומצדו	
887		האחר	
887		כמאה	
887		אמות	
887		מבארה	
887		של	
887		שרה	
887		עד	
887		בארו	
887		של	
887		אברהם	
887		אבינו	
887		.	
888	ומימיו יפים מאוד:	ומימיו	
888		יפים	
888		מאוד	
888		:	
889	והראו לו אבן (גדולה)	והראו	
889		לו	
889		אבן	
889		(	
889		גדולה	
889		)	
890	שמונה ועשרים אמות.	שמונה	
890		ועשרים	
890		אמות	
890		.	
891	שנימול עליו אברהם אבינו:	שנימול	
891		עליו	
891		אברהם	
891		אבינו	
891		:	
892	ואמר הזקן.	ואמר	
892		הזקן	
892		.	
893	הנה הוא הולך לעולמו ואינו משקר.	הנה	
893		הוא	
893		הולך	
893		לעולמו	
893		ואינו	
893		משקר	
893		.	
894	והגיד בשבועה.	והגיד	
894		בשבועה	
894		.	
895	שפעם אחת בצום כפור ראה מלאך של אש וסוסו אש אצל בארה של שרה:	שפעם	
895		אחת	
895		בצום	
895		כפור	
895		ראה	
895		מלאך	
895		של	
895		אש	
895		וסוסו	
895		אש	
895		אצל	
895		בארה	
895		של	
895		שרה	
895		:	
896	שהיה מתפלל שם:	שהיה	
896		מתפלל	
896		שם	
896		:	
897	ובארץ יון יש להם גלות גדול.	ובארץ	
897		יון	
897		יש	
897		להם	
897		גלות	
897		גדול	
897		.	
898	ומשועבדים בגופם.	ומשועבדים	
898		בגופם	
898		.	
899	ויש (בהם) בחורים בקיאים בשמות.	ויש	
899		(	
899		בהם	
899		)	
899		בחורים	
899		בקיאים	
899		בשמות	
899		.	
900	ומשביעים השדים שמשרתים להם כעבדים:	ומשביעים	
900		השדים	
900		שמשרתים	
900		להם	
900		כעבדים	
900		:	
901	ויש מהם קהילות רבות.	ויש	
901		מהם	
901		קהילות	
901		רבות	
901		.	
902	שארץ ישראל אינה יכולה לשאת אותן אם היו עליה:	שארץ	
902		ישראל	
902		אינה	
902		יכולה	
902		לשאת	
902		אותן	
902		אם	
902		היו	
902		עליה	
902		:	
903	ובכפר עוזא קבור יונה בן אמיתי.	ובכפר	
903		עוזא	
903		קבור	
903		יונה	
903		בן	
903		אמיתי	
903		.	
904	ובבצרה של בבל עזרא הסופר:	ובבצרה	
904		של	
904		בבל	
904		עזרא	
904		הסופר	
904		:	
905	ורב חנא בגדתאה שכתוב בתלמוד הוא מבגדת העיר הגדולה כמו שכתוב לעיל:	ורב	
905		חנא	
905		בגדתאה	
905		שכתוב	
905		בתלמוד	
905		הוא	
905		מבגדת	
905		העיר	
905		הגדולה	
905		כמו	
905		שכתוב	
905		לעיל	
905		:	
906	ובבבל אין אבן אלא הכל של לבנים:	ובבבל	
906		אין	
906		אבן	
906		אלא	
906		הכל	
906		של	
906		לבנים	
906		:	
907	תמו דברי רבי פתחיה אחיו של הרב רבי יצדק הלבן בעל התוספות ושל הרב רבי נחמן מרעגנשפורג:	תמו	
907		דברי	
907		רבי	
907		פתחיה	
907		אחיו	
907		של	
907		הרב	
907		רבי	
907		יצדק	
907		הלבן	
907		בעל	
907		התוספות	
907		ושל	
907		הרב	
907		רבי	
907		נחמן	
907		מרעגנשפורג	
907		:	
