toponym-index	toponym_id	Toponym mention @Asher	incident - xpath_location	GeoNarrative	seq_number	PlaceID	Toponym mention @Asher(2)	Ed Constantinople	Ms Casanatense	Ms_Epstein	Ms_London	interMSSindex	Adler_translation	inAdlerXML
1	BTAsherT1	שרקושטה	/TEI[1]/text[1]/body[1]/ab[1]/seg[1]/placeName[1]	1	1	K6347	שרקושטה	שרקושטה	סרקוסטא	שרקוסטה	סרקסטא	198	Saragossa	5508cf84-4012-4a87-a619-3f0de18e71b8
2	BTAsherT2	איברו	/TEI[1]/text[1]/body[1]/ab[1]/seg[1]/placeName[2]	1	2	GN3123754	איברו	איברו	איברי	איברו	אברו	202	Ebro	f3b5be3a-d5f5-49e7-a9d9-cbc73236af30
3	BTAsherT3	טורטושה	/TEI[1]/text[1]/body[1]/ab[1]/seg[1]/placeName[3]	1	3	K9805	טורטושה	טורטושה	ל??זורה	טורטוסה	טרטושא	203	Tortosa	07b921d9-c162-426f-911d-400ec6417756
4	BTAsherT4	טרכונה	/TEI[1]/text[1]/body[1]/ab[1]/seg[2]/placeName[1]	1	4	K7559	טרכונה	טרבונה	נירגונה	טרבונה	תרכונה	210	Tarragona	503791b6-22e3-409b-8ec1-6fc9c597edfb
5	BTAsherT5	ספרד	/TEI[1]/text[1]/body[1]/ab[1]/seg[2]/placeName[2]	1		K6471	ספרד	ספרד	ספרד	ספרד	ספרד	224	Sepharad	68588574-7507-43b3-9bd6-22401742dfba
6	BTAsherT6	ברצלונה	/TEI[1]/text[1]/body[1]/ab[1]/seg[3]/placeName[1]	1	5	K582	ברצלונה	ברצלונה	ברצלונה	ברזילונה	ברצלונה	233	Barcelona	271d5bf3-d89e-4bdd-9325-fdaf9c649777
7	BTAsherT7	יון	/TEI[1]/text[1]/body[1]/ab[1]/seg[3]/placeName[2]	1		K8822	יון	יון	יון	יון	יוון	272	Greece	ad9247d8-9a82-4999-b8b1-5ac87a5c72bd
8	BTAsherT8	פישה	/TEI[1]/text[1]/body[1]/ab[1]/seg[3]/placeName[3]	1		K251	פישה	פישה	פיסא	פישה		273	Pisa	a34bd917-cef3-4bf1-a374-36ca555f681a
9	BTAsherT9	גינואה	/TEI[1]/text[1]/body[1]/ab[1]/seg[3]/placeName[4]	1		K877	גינואה	גינואה	יינובא	גיינובה		274	Genoa	37260d63-c1c7-45a4-adc7-ba73808f79c4
10	BTAsherT10	סיסילייא	/TEI[1]/text[1]/body[1]/ab[1]/seg[3]/placeName[5]	1		K6284	ציקיליה	סיסילייא	סיציליאה	סיסיליא	צקיליה	275	Sicily	089917ec-7cde-4771-96e9-1a2a2acbd413
11	BTAsherT11	אלכסנדריה	/TEI[1]/text[1]/body[1]/ab[1]/seg[3]/placeName[6]	1		K667	אלכסנדריה	אלסכנדריא	אלכסנדר	אליכסאכרה	אסכנדריאה	277	Alexandria	6cd817be-cb8a-4236-94ff-51c6a118a499
12	BTAsherT12	מצרים	/TEI[1]/text[1]/body[1]/ab[1]/seg[3]/placeName[7]	1		K8046	מצרים	מצרי'	מצרים	מצרים	מצרים	279	Egypt	9ebacc36-192f-403b-87d2-b9bff53f4c51
13	BTAsherT13	ארץ ישראל	/TEI[1]/text[1]/body[1]/ab[1]/seg[3]/placeName[8]	1		K2501	ארץ ישראל	ארץ ישראל	ארץ ישראל	ארץ ישראל	ארץ ישראל	280-281	Palestine	f1b29d17-a153-4f25-b21b-90440c5bd03b
14	BTAsherT14	גירונדה	/TEI[1]/text[1]/body[1]/ab[1]/seg[4]/placeName[1]	1	6	K8720	גירונדה	גירונדה	גירונה	גירונה	גרונדה	290	Gerona	df4ae499-e978-4882-9481-38aa814a1aba
15	BTAsherT15	נרבונה	/TEI[1]/text[1]/body[1]/ab[1]/seg[5]/placeName[1]	1	7	K10031	נרבונה	נרבונה	נרבונה	נירבונה		299	Narbonne	a19b7131-a2de-4f5e-81d5-5bc384773abe
16	BTAsherT16	בידרש	/TEI[1]/text[1]/body[1]/ab[1]/seg[6]/placeName[1]	1	8	K7195	בידרש	בידרש	בדרש	בידרש	בדרש	364	Beziers	bb866336-a2b4-474c-9201-54a75e30bda6
17	BTAsherT17	הר געש	/TEI[1]/text[1]/body[1]/ab[1]/seg[7]/placeName[1]	1	9	K7467	מונפישלייר	הר געש	הר געש	הר געש	געש	384-385		
18	BTAsherT18	מונפישלייר	/TEI[1]/text[1]/body[1]/ab[1]/seg[7]/placeName[2]	1	9	K7467	מונפישלייר	מונפישלייר	מונפישליר	מונפישלייר	מונט פשליר	387-388	Montpellier	42525149-1b7a-4806-86ef-643d69f74126
19	BTAsherT19	אל-ערוה	/TEI[1]/text[1]/body[1]/ab[1]/seg[7]/placeName[3]	1		K7951	אל-ערוה	אל עדוה		אלעדוה	אל עדוה	405-406	Algarve	9f69b7c3-28e9-4a35-9970-6c770affdb52
20	BTAsherT20	לונברדייא	/TEI[1]/text[1]/body[1]/ab[1]/seg[7]/placeName[4]	1		K10968	לונברדייא	לונברדייא	לומרדיאה	למוברדיאה	לונברדיאה	407	Lombardy	5a971645-c2c0-4f07-95bf-0ad5216bce89
21	BTAsherT21	רומא רבתא	/TEI[1]/text[1]/body[1]/ab[1]/seg[7]/placeName[5]	1		K7637	רומא רבתא	רומא רבתא	רומה רבתא	רומה רבתא	רומה רבתא	409-410	Rome	ff68b349-c489-4785-bb91-7ac3fd249da7
22	BTAsherT22	מצרים	/TEI[1]/text[1]/body[1]/ab[1]/seg[7]/placeName[6]	1		K8046	מצרים	מצרים		מצרים	מצרים	412-413	Egypt	2b1e01f3-7b26-4d08-8a0c-dbf21db6c683
23	BTAsherT23	ארץ ישראל	/TEI[1]/text[1]/body[1]/ab[1]/seg[7]/placeName[7]	1		K2501	ארץ ישראל	ארץ ישראל		ארץ ישראל	ארץ ישראל	414-415	Palestine	182e1c39-b858-41d3-9215-b4f1058c43ae
24	BTAsherT24	יון	/TEI[1]/text[1]/body[1]/ab[1]/seg[7]/placeName[8]	1		K8822	יון	יון		יון	יוון	418	Greece	9cfe0eb0-46a7-4c7e-b244-796250839658
25	BTAsherT25	צרפת	/TEI[1]/text[1]/body[1]/ab[1]/seg[7]/placeName[9]	1		K6399	צרפת	צרפת		צרפת	צרפת	420	France	1827b14c-6d29-4d14-a88b-ea551a7305e1
26	BTAsherT26	ספרד	/TEI[1]/text[1]/body[1]/ab[1]/seg[7]/placeName[10]	1		K6471	ספרד	ספרד		ספרד		422		
27	BTAsherT27	אינגלטירה	/TEI[1]/text[1]/body[1]/ab[1]/seg[7]/placeName[11]	1		K12708	אינגלטירה	אינגלטירה		אינגילטירה	אינגלטירא	423	England	1b279189-e50c-4485-9830-58818ad56db0
28	BTAsherT28	לוניל	/TEI[1]/text[1]/body[1]/ab[1]/seg[8]/placeName[1]	1	10	K12204	לוניל	לוניל	לוניל	לוניל	לוניל	477	Lunel	a2b68307-47ba-46b3-a057-23dd40657c7d
29	BTAsherT29	פותייקיירש	/TEI[1]/text[1]/body[1]/ab[1]/seg[9]/placeName[1]	1	11	K7808	פותייקיירש	פותייקיירש		פורייקיירש	פושקרש	597	Posquières	1b144df4-e2ef-4904-9ce6-c8455f1a64ea
30	BTAsherT30	נוגריש	/TEI[1]/text[1]/body[1]/ab[1]/seg[10]/placeName[1]	1	12	K10262	בורק דשל גיל	נוגרש	מגרש	נוגרש	מגרש	679		
31	BTAsherT31	בורק דשל גיל	/TEI[1]/text[1]/body[1]/ab[1]/seg[10]/placeName[2]	1	12	K10262	בורק דשל גיל	בורק דשל גיל	בורגו דשינגילי	בורקרשאלגיל	בורגו דשגיל	681	Bourg de St. Gilles	846be033-c205-485e-ade5-6fd2e834d72b
32	BTAsherT32	רודי	/TEI[1]/text[1]/body[1]/ab[1]/seg[10]/placeName[3]	1		K2047	רודי	רודי	רואתנו	רודי	רודנו	738	Rhone	e1d658d9-361c-48c3-abb2-283b1552c8dc
33	BTAsherT33	פרובנצה	/TEI[1]/text[1]/body[1]/ab[1]/seg[10]/placeName[4]	1		K8962	פרובנצה	פרובנצה	פירובינצא	פרובינצא	פרובינסה.	743	Provence	8cc7d375-246c-473c-85dc-74b051088f5c
34	BTAsherT34	ארליט	/TEI[1]/text[1]/body[1]/ab[1]/seg[11]/placeName[1]	1	13	K7224	ארליט	ארליט		אליש	ארליד	761	Arles	c0e1b5ee-9eb6-4eaa-b11e-7ed5cc3fa892
35	BTAsherT35	מרשילייה	/TEI[1]/text[1]/body[1]/ab[1]/seg[12]/placeName[1]	1	14	K7085	מרשילייה	מרשילייה	מרשילה	מרסיליא	מרשיליה	785	Marseilles	b43b11b6-68de-49cc-be93-85d54899d204
36	BTAsherT36	גינואה	/TEI[1]/text[1]/body[1]/ab[1]/seg[13]/placeName[1]	2	1	K877	גינואה	גינואה	ייניבה	גיינובא	יינובה	964	Genoa	7d693e10-3ac9-44b8-9f8b-0d83ee1f7a8f
37	BTAsherT37	סבתה	/TEI[1]/text[1]/body[1]/ab[1]/seg[13]/placeName[2]	2		K8782	סבתה	סבתה	סיבתיא	סבתה	סבתה	899	Ceuta	63f4500f-bc9a-484f-8b7a-15d7f0f7afc4
38	BTAsherT38	גינואה	/TEI[1]/text[1]/body[1]/ab[1]/seg[13]/placeName[3]	2	1	K877	גינואה	גינואה	יינובה	גיינובא	יינובה	964	Genoa	7a846224-82f9-4491-bda5-c233c083c6c1
39	BTAsherT39	פישה	/TEI[1]/text[1]/body[1]/ab[1]/seg[13]/placeName[4]	2	2	K251	פישה	פישא	פיסא	פיסה	פיסא	969	Pisa	9e2abc12-4d9c-41e0-925f-3ec76666abf1
40	BTAsherT40	פישה	/TEI[1]/text[1]/body[1]/ab[1]/seg[14]/placeName[1]	2	2	K251	פישה	פישא	פיסא	פיסה	פיסא	975	Pisa	b774b55f-e825-4be6-b6ed-572d354c9f1b
41	BTAsherT41	לוקא	/TEI[1]/text[1]/body[1]/ab[1]/seg[15]/placeName[1]	2	3	K6491	לוקא	לוקא	לוקה	לוקה	לוכה	1045	Lucca	71ba909d-8d75-4fc6-ab70-2ca34904a046
42	BTAsherT42	רומא רבתא	/TEI[1]/text[1]/body[1]/ab[1]/seg[16]/placeName[1]	2	4	K440	רומא	רומא רבתא	רומה רבתא	רומי רבתא	רומה רבתא	1073-1074	Rome	5cc8b240-e252-4a13-b5d0-69268e62f5a3
43	BTAsherT43	קושטנטינופולי	/TEI[1]/text[1]/body[1]/ab[1]/seg[16]/placeName[12]	3		K6927		קושטנטינופלי	קוסטנטינופולי	קוסטאנטינופילו		1479		
44	BTAsherT44	קפואה	/TEI[1]/text[1]/body[1]/ab[1]/seg[17]/placeName[1]	4	1	K6800	קפואה	קפואה	קפיאה	קאפואה	קפיאה	1498	Capua	d686795f-fcc1-4ce5-8f77-c1ac6a81e254
45	BTAsherT45	פוצול	/TEI[1]/text[1]/body[1]/ab[1]/seg[18]/placeName[1]	4	2	K9790	פוצול	פוצול	פצילי	פיצולו	פוצוילי	1544	Pozzuoli	dd9e6630-72b6-4e02-a8c0-370433ccdd7d
46	BTAsherT46	סוריינטו	/TEI[1]/text[1]/body[1]/ab[1]/seg[18]/placeName[2]	4	2	K9809	סוריינטו	סוריינטו	סוריינטו	סיריינטו	סוריינטו	1546	Sorrento	498400ba-9bd9-46c1-9c8d-e91b8292eb80
47	BTAsherT47	לונברדיאה	/TEI[1]/text[1]/body[1]/ab[1]/seg[18]/placeName[3]	4		K10968	לונברדייא	לונברדיאה	לומרדיאה	לומברדיאה	לונברדיאה	1633	Lombardy	262cd9f2-f62d-45cb-a1ed-01aaca6bc10f
48	BTAsherT48	רומא	/TEI[1]/text[1]/body[1]/ab[1]/seg[19]/placeName[1]	4		K440	רומא	רומ׳	דומה	רומי	רומה	1655	Rome	19d5b417-12dd-4a1e-a95e-dfcbca812101
49	BTAsherT49	נאפולי	/TEI[1]/text[1]/body[1]/ab[1]/seg[19]/placeName[2]	4	3	K673	נאפולי	נאפול		נאפולי	נאפולי	1675	Naples	d24c106d-05ff-4b6c-8726-d3a6651a59e8
50	BTAsherT50	שלירנה	/TEI[1]/text[1]/body[1]/ab[1]/seg[20]/placeName[1]	4	4	K6373	שלירנה	שלירפה	סלירנה	סלירפה	סלירנה	1714	Salerno	6108a13b-a915-49ca-bb71-28b3e95014c4
51	BTAsherT51	ציפונת	/TEI[1]/text[1]/body[1]/ab[1]/seg[20]/placeName[2]	4		K7024	ציפונת	ציפונת		צפונת	ציפינת	1741	Siponto	97e2c9a1-e7f6-4c70-bc2b-9aab0a5dbd4d
52	BTAsherT52	אמלפי	/TEI[1]/text[1]/body[1]/ab[1]/seg[21]/placeName[1]	4	5	K6262	אמלפי	אמלפי	מלכי	מלאלפי	מלכי	1773	Amalfi	d317b5c3-68e5-4bec-bf6f-7d416ede6396
53	BTAsherT53	בינאבינטו	/TEI[1]/text[1]/body[1]/ab[1]/seg[22]/placeName[1]	4	6	K6449	בינאבינטו	בנאבינטו	בינבנטו	ביניווינטו	בנבנתו	1830	Benevento	c25a3263-33b6-472c-8d90-708f24517ca9
54	BTAsherT54	מלפי	/TEI[1]/text[1]/body[1]/ab[1]/seg[23]/placeName[1]	4	7	K12281	מלפי	מלכי	מלפה	מלפי	מלפי	1858	Melfi	c9d6d115-3e82-4200-a44c-8816ecab71b5
55	BTAsherT55	פולייא	/TEI[1]/text[1]/body[1]/ab[1]/seg[23]/placeName[2]	4		K7555	ארץ פול	פוליא	פוליא	פוליא	פוליאה	1860	Apulia	62954139-07ca-489e-a6a6-68a0354fe1f2
56	BTAsherT56	ארץ פול	/TEI[1]/text[1]/body[1]/ab[1]/seg[23]/placeName[3]	4		K7555	ארץ פול	ארץ פול	ארץ פול	ארץ פול	ארץ פול	1863		
57	BTAsherT57	אשקולי	/TEI[1]/text[1]/body[1]/ab[1]/seg[24]/placeName[1]	4	8	GN3182747	אשקולי	אסקולי		אסקולי	אשכולי	1880	Ascoli	4d8ee44d-c775-4e17-bb46-91372790d819
58	BTAsherT58	טרנאה	/TEI[1]/text[1]/body[1]/ab[1]/seg[25]/placeName[1]	4	9	K7879	טרנאה	טרנאה	טרני	טראני	טראני	1897	Trani	b9c355a8-594c-461d-b91e-a77e5aa02923
59	BTAsherT59	ירושלים	/TEI[1]/text[1]/body[1]/ab[1]/seg[25]/placeName[2]	4		K691	ירושלים	ירושלם	ירושלם	ירושלם	ירושלם	1907	Jerusalem	2f406281-76c2-496c-82de-b12a262d0616
60	BTAsherT60	מיקילס דבר	/TEI[1]/text[1]/body[1]/ab[1]/seg[26]/placeName[1]	4	10	K7504	מיקילס דבר	מיקילס	נקולוש	מיקולסדבר	קול	1934	Colo di Bari	2d2841aa-015a-4646-9597-4c72e0475231
61	BTAsherT61	ציקיליה	/TEI/text[1]/body[1]/ab[1]/seg[26]/persName[1]/placeName[1]	4		K6284	ציקיליה	ציקיליה	סיציליאה	ציקיליא'	צקיליה	1944	Sicily	8a4d6131-4b0c-490e-bf42-62daf2a574ca
62	BTAsherT62	טראנטו	/TEI[1]/text[1]/body[1]/ab[1]/seg[27]/placeName[1]	4	11	K8176	טראנטו	טרנטו	טרנטו	טראטו	טירטנו	1961	Taranto	3d17e5f9-948f-44ce-8a32-dd8273f40cd5
63	BTAsherT63	קלאבריאה	/TEI[1]/text[1]/body[1]/ab[1]/seg[27]/placeName[2]	4		K7660	קלאבריאה	קלאבריאה	קלבריאה	קלאבריא'	קלבריה	1967	Calabria	9a3fe9a6-19ba-4d58-b6b6-76a97e34446e
64	BTAsherT64	ברנדישי	/TEI[1]/text[1]/body[1]/ab[1]/seg[28]/placeName[1]	4	12	K11068	ברנדישי	ברנדיס	ברינבס	נרניס	ברנדיש	1992	Brindisi	fd3ebbe1-b7f5-43d1-b346-8d2d07a687f6
65	BTAsherT65	אוטרנדו	/TEI[1]/text[1]/body[1]/ab[1]/seg[29]/placeName[1]	5	1	K7029	אוטרנדו	אורנדו	אוסרינטו	אורנארו	אורדינדו	2005	Otranto	065d4d09-45d5-40c4-8292-76fc69a02143
66	BTAsherT66	יון	/TEI[1]/text[1]/body[1]/ab[1]/seg[29]/placeName[2]	5		K8822	יון	יון	יון	יון	יון	2011		
67	BTAsherT67	קרופוס	/TEI[1]/text[1]/body[1]/ab[1]/seg[30]/placeName[1]	5	2	K1039	קרופוס	אוקרופוס	קופרו	אוקרופוס	אקורפוס	2037	Corfu	e2ebf622-19cb-4bf4-b8b3-71ebe8eb24cd
68	BTAsherT68	לבטה	/TEI[1]/text[1]/body[1]/ab[1]/seg[31]/placeName[1]	5	3	K20954	לבטה	לבטה	לארטה	לבאנטה	לרנוה	2055	Arta	3a249ce3-59be-45b9-aa77-9b442cd67f3b
69	BTAsherT69	נטוליקון	/TEI[1]/text[1]/body[1]/ab[1]/seg[32]/placeName[1]	5	5	GN265507	נטוליקון	נטוליקון	נטוליקון	נאטוליקץ	נטוליקון	2076	Anatolica	b4c84f8a-7226-43f0-8504-df6d49c526a3
70	BTAsherT70	אכילון	/TEI[1]/text[1]/body[1]/ab[1]/seg[33]/placeName[1]	5	4	U1	אכילון	אכילון	אפילון	אקילץ	אפילון	2088	Achelous	871ab834-0ef9-4fa0-8fb4-c2048667e26a
71	BTAsherT71	פטרה	/TEI[1]/text[1]/body[1]/ab[1]/seg[34]/placeName[1]	5	6	K12768	פטרה	פטרה	_	פאטרה	_	2094	Patras	0112c029-813c-4723-a5f5-6bad18954d94
72	BTAsherT72	לפנטו	/TEI[1]/text[1]/body[1]/ab[1]/seg[35]/placeName[1]	5	7	K21742	לפנטו	לפנטו	לכיפטו	לופאנטי	_	2137	Kifto (Lepanto)	4047cf73-9b6e-415a-abd0-076cf995e670
73	BTAsherT73	קורש	/TEI[1]/text[1]/body[1]/ab[1]/seg[36]/placeName[1]	5	8	GN259862	קורש	קורש	קרייש	קורש	_	2157	Crissa	48aa3715-e44d-437e-809b-3b962652d58b
74	BTAsherT74	פרנש	/TEI[1]/text[1]/body[1]/ab[1]/seg[36]/placeName[2]	5		GN255730	פרנש	פורש	קרש	פורש		2165		
75	BTAsherT75	קורינטו	/TEI[1]/text[1]/body[1]/ab[1]/seg[37]/placeName[1]	5	9	GN259289	קורינטו	קורינטו	קורנטו	קורונאטי	_	2183	Corinth	29fa7c3d-c915-4043-b9a5-9b4f7348daef
76	BTAsherT76	טיבש	/TEI[1]/text[1]/body[1]/ab[1]/seg[38]/placeName[1]	5	10	K14830	טיבש	טיבש	תיביס	טיוכס		2200-2201	Thebes	cbc53014-4f5d-41f9-a32a-b85b3d12fba0
77	BTAsherT77	יון	/TEI[1]/text[1]/body[1]/ab[1]/seg[38]/placeName[2]	5		K8822	יון	יון	יון			2248	Greece	82545aa2-202f-40b4-a2f5-7d273df7ac01
78	BTAsherT78	קושטנטינופולי	/TEI[1]/text[1]/body[1]/ab[1]/seg[38]/placeName[3]	5		K6927	קושטנטינופולי	קושטטינופולי.	קוסטנטינה.	_	_	2251-2252	Constantinople	3fa438d5-ba8e-4ba0-b97f-3839fb09f14f
79	BTAsherT79	ארגירפו	/TEI[1]/text[1]/body[1]/ab[1]/seg[39]/placeName[1]	5	11	K14277	ארגירפו	ארגירפו	איגריט	ארגריפו	_	2257	Egripo	fee8001e-b98a-4965-b3e3-f106167f0469
80	BTAsherT80	יובשטריסה	/TEI[1]/text[1]/body[1]/ab[1]/seg[40]/placeName[1]	5	12	GN258577	יובשטריסה	יבושטריסה	יבושטריסה	יבוסטריסו	_	2286	Jabustrisa	72d9ac7f-6aac-4ac8-85c8-c587b95f8c79
81	BTAsherT81	רובינקה	/TEI[1]/text[1]/body[1]/ab[1]/seg[41]/placeName[1]	5	13	GN261211	רובינקה	רובינקה	_	רווינגו	_	2304-2307	Rabonica	c9413875-ae8c-4cd2-9cab-202594647256
82	BTAsherT82	שינון פוטמו	/TEI[1]/text[1]/body[1]/ab[1]/seg[42]/placeName[1]	5	14	GN258620	שינון פוטמו	שינון פוטמו	שיגופוטמו	שינץ פיטימון		2323-2324	Sinon Potamo	18e72f8a-628e-4ed6-9cb0-5c893b8f67f7
83	BTAsherT83	בלכיא	/TEI[1]/text[1]/body[1]/ab[1]/seg[42]/placeName[2]	5		K9259	בלכיא	בלכיא	הלבלירא	בילקאייה	_	2336	Wallachia	2b12b969-8d0a-4311-9afb-72d055d6ae25
84	BTAsherT84	יון	/TEI[1]/text[1]/body[1]/ab[1]/seg[42]/placeName[3]	5		K8822	יון	יון	יון	יון		2353	Greece	f6a79de2-0367-448b-8ce8-ebb7a8548b44
85	BTAsherT85	גרדיגי	/TEI[1]/text[1]/body[1]/ab[1]/seg[43]/placeName[1]	5	15	GN255638	גרדיגי	גרדיגי	גודיטו	גרריקו	_	2400	Gardiki	b3034afb-6d10-43db-9a58-9d329e1bcd01
86	BTAsherT86	ארמילו	/TEI[1]/text[1]/body[1]/ab[1]/seg[44]/placeName[1]	5	16	BJ5	ארמילו	ארמולו	ארמילו	ארמילו	_	2412	Armylo	afbf3da4-2c03-46c8-bf18-7928edcafaab
87	BTAsherT87	בישינה	/TEI[1]/text[1]/body[1]/ab[1]/seg[45]/placeName[1]	5	17	BJ9	בישינה	בישינה	בישינה	מישינה	_	2452	Vissena	bc998bbf-5081-45fd-9ace-d3e8f989434d
88	BTAsherT88	סלוסקי	/TEI[1]/text[1]/body[1]/ab[1]/seg[46]/placeName[1]	5	18	K103	סלוסקי	סלוסקו	_	סיאלוסקי	_	2471	Salonica	1cd4ed8c-d25c-46f6-a8f4-361e09b4fb0d
89	BTAsherT89	מיטריסי	/TEI[1]/text[1]/body[1]/ab[1]/seg[47]/placeName[1]	5	19	GN736795	מיטריסי	מיטריסי	טוריס	מטריסי	_	2526	Demetrizi	bb213aea-38cf-424a-a71e-da45802e7e28
90	BTAsherT90	דרמה	/TEI[1]/text[1]/body[1]/ab[1]/seg[48]/placeName[1]	5	20	K14269	דרמה	דרמה	רדמה	רראמה	_	2541	Drama	d0baf785-1536-4032-ac2e-d1281634d8ac
91	BTAsherT91	קנישתולי	/TEI[1]/text[1]/body[1]/ab[1]/seg[49]/placeName[1]	5	21	GN735861	קנישתולי	קנישתולי	קרישתופילי	קניסטולי	_	2555	Christopoli	917479b0-70aa-401f-a840-e4d2be8930c9
92	BTAsherT92	אבירו	/TEI[1]/text[1]/body[1]/ab[1]/seg[50]/placeName[1]	5	22	K4579	אבירו	יבירו	אברו	אבירו	_	2566	Abydos	63a5e182-fba7-4598-8611-21154f210d3f
93	BTAsherT93	קושטנדינה	/TEI[1]/text[1]/body[1]/ab[1]/seg[50]/placeName[2]	5	23	K6927	קושטנטינופולי	קושטנדינה	קושטינה	קוסטאנטינו	_	2579	Constantinople	faed9903-3238-43ce-a157-acb74c2b1346
94	BTAsherT94	יון	/TEI[1]/text[1]/body[1]/ab[1]/seg[51]/placeName[1]	5		K8822	יון	יון	יון	יון		2586	Javan	d819bdaa-f9fc-457a-a726-22e114fa64ce
95	BTAsherT95	קושטנטינה	/TEI[1]/text[1]/body[1]/ab[1]/seg[51]/placeName[2]	5	23	K6927	קושטנטינופולי	קושטנטינה	קושטנטינה	קוסטאנטינה		2605	Constantinople	09457ffe-6436-4272-9080-a0bc7977b8c4
96	BTAsherT96	קושטאנטינה	/TEI[1]/text[1]/body[1]/ab[1]/seg[51]/placeName[3]	5	23	K6927	קושטנטינופולי	קושטאנטינה	קוסטנטינה	קוסטאנטינה	_	2635	Constantinople	c05ca600-2101-491d-be80-5926158fe95f
97	BTAsherT97	בבל	/TEI[1]/text[1]/body[1]/ab[1]/seg[51]/placeName[5]	5		U4	בבל	בבל	בבל	בבל	_	2667	Babylon	5a804fa1-8eab-4329-80af-23fb46c530dd
98	BTAsherT98	שנער	/TEI[1]/text[1]/body[1]/ab[1]/seg[51]/placeName[6]	5		Q1404297	שנער	שנער	שנער	שנער	_	2670	Shinar	9f9907d8-6155-4f79-83d3-0e00d2c81fed
99	BTAsherT99	מדי	/TEI[1]/text[1]/body[1]/ab[1]/seg[51]/placeName[7]	5		K22613	מדי	מדי	מדי	מדי	_	2673	Persia	e94a976e-a291-4b9a-94bb-c5d62edec166
100	BTAsherT100	פרס	/TEI[1]/text[1]/body[1]/ab[1]/seg[51]/placeName[8]	5		K7639	פרס	פרס		פרס	_	2674	Media	2863160b-9d76-4849-bdfe-d3d6d901310a
101	BTAsherT101	מצרים	/TEI[1]/text[1]/body[1]/ab[1]/seg[51]/placeName[9]	5		K8046	מצרים	מצרים	מצרים	מצרים		2679	Egypt	102bbdc4-b21e-4499-8ad0-5f5065002399
102	BTAsherT102	רושיא	/TEI[1]/text[1]/body[1]/ab[1]/seg[51]/placeName[10]	5		U6		רושיא	רוסיאה	רושיא		2683	Russia	906b047f-64e4-4ef8-9875-c9803effb23d
103	BTAsherT103	אונגריאה	/TEI[1]/text[1]/body[1]/ab[1]/seg[51]/placeName[11]	5		Q171150	אונגריאה	אונגריאה	אונגריאה	אונגריא'	_	2684	Hungaria	af880db4-198b-4470-b2b6-68dc49e45bf6
104	BTAsherT104	פסיינקי	/TEI[1]/text[1]/body[1]/ab[1]/seg[51]/placeName[12]	5		U2	פסיינקי	פסיינקי	פיסינקי	פסינגי	_	2685	Patzinakia	454d4d43-641a-4c54-9564-455209863640
105	BTAsherT105	בודיא	/TEI[1]/text[1]/body[1]/ab[1]/seg[51]/placeName[13]	5		U3	בודיא	בוריא	כזריאה	בוריא'	_	2686	Khazaria	c51b3e56-df4c-4215-8967-7f75d58e2f57
106	BTAsherT106	לונברדייא	/TEI[1]/text[1]/body[1]/ab[1]/seg[51]/placeName[14]	5		K10968	לונברדייא	לונברדייא	לומברדיאה	לומברדיא'	_	2688	Lombardy	b7ee5307-8b91-484a-9870-e2ca0aa034d5
107	BTAsherT107	ספרד	/TEI[1]/text[1]/body[1]/ab[1]/seg[51]/placeName[15]	5		K6471	ספרד	ספרד	ספרד	ספרד	_	2689	Sepharad	54125156-a994-4020-bb37-3f080ce0b08d
108	BTAsherT108	בגדיד	/TEI[1]/text[1]/body[1]/ab[1]/seg[51]/placeName[16]	5		K662	בגדיד	בגדיד	בגדד	בגדד	_	2707	Bagdad	c404f5ac-2add-44ac-99bc-8cd00d0d0688
109	BTAsherT109	בילכירנש	/TEI[1]/text[1]/body[1]/ab[1]/seg[51]/placeName[17]	5		Q1472490	בילכירנש	בילבירנש	בלבידיניש	בילוויראנוס	בלבירוש	2857	Blachernae	6fcb5edf-68c1-488b-8812-87f3003ef41f
110	BTAsherT110	יון	/TEI[1]/text[1]/body[1]/ab[1]/seg[51]/placeName[18]	5		K8822	יון	יון		יון	יוון	2932	Greece	e95430f5-eed4-4f64-bdf4-3e347cbe3e1a
111	BTAsherT111	ים שופיא	/TEI[1]/text[1]/body[1]/ab[1]/seg[51]/placeName[19]	5		U7		ים שופיא	הים רוסיא	ים סופיא'	יד רומי	3077-3078	sea of Marmora	73948558-a11b-4a1e-8aa4-72d8e19d6eb9
112	BTAsherT112	פירא	/TEI[1]/text[1]/body[1]/ab[1]/seg[51]/placeName[20]	5		K7544	פירא	דיס פירא.	פיירה.	פירא.	פיירה.	3231	Pera	ed0e7c3a-974e-4536-92ad-29a87564ba9f
113	BTAsherT113	רודוסטו	/TEI[1]/text[1]/body[1]/ab[1]/seg[52]/placeName[1]	6	1	K22213	רודוסטו	רודורטו	_	ודורוסאטו(ל)	מדוטוס	3240	Rhaedestus	89b28ad7-8c59-49cb-9ee0-c7d98e11b065
114	BTAsherT114	גאליפולי	/TEI[1]/text[1]/body[1]/ab[1]/seg[52]/placeName[2]	6	2	GN746983	גאליפולי	גאליפולי	דפולי	גליפולי	קליפולי	3257	Callipolis (Gallipoli)	7836e254-da38-4dab-92dc-221692a9099e
115	BTAsherT115	קלש	/TEI[1]/text[1]/body[1]/ab[1]/seg[52]/placeName[3]	6	3	PL844961	קלש	קלש	קיליש	קאליסי	קילש	3280	Kales	2b07121d-4377-40fd-8eff-84264cc0b5bf
116	BTAsherT116	מיטילין	/TEI[1]/text[1]/body[1]/ab[1]/seg[52]/placeName[4]	6	4	GN256866	מיטילין	מיטילי	מיטילי	מיטולי	מיטלי	3296	Mytilene	dad10639-3476-4aab-9a43-54ea42eb8499
117	BTAsherT117	כא	/TEI[1]/text[1]/body[1]/ab[1]/seg[52]/placeName[5]	6	5	K17289	כא	(ל)חיבא	איפינו	_	אפיוז	3310	Chios	961ddc81-771e-4d80-b605-b7ec5214bf18
118	BTAsherT118	סמו	/TEI[1]/text[1]/body[1]/ab[1]/seg[52]/placeName[6]	6	6	K14268	סמו	איסמו	אסמו	_	כמו	3334	Samos	4034f1a8-c1e7-426b-ac30-646fa5c10667
119	BTAsherT119	רודוש	/TEI[1]/text[1]/body[1]/ab[1]/seg[52]/placeName[7]	6	7	K2044	רודוש	רודוש	רודיש	רודיס	_	3357	Rhodes	4306ab5b-6ada-4b7d-8335-2ff457b4be0a
120	BTAsherT120	כיפרוס	/TEI[1]/text[1]/body[1]/ab[1]/seg[52]/placeName[8]	6	8	K7562	כיפרוס	דופרוס	קורפוס	דופרוס	_	3374	Cyprus	74e97a26-5b49-4cfa-bf4b-e6e4a4566dc1
121	BTAsherT121	קורקוס	/TEI[1]/text[1]/body[1]/ab[1]/seg[53]/placeName[1]	7	1	PL638939	קורקוס	קורקוס	קוקוס	קורקוס	קורקוס	3402	Curicus (Kurch)	6ba51107-4ebd-45d5-ae9e-b09d56751ad9
122	BTAsherT122	דוכיא	/TEI[1]/text[1]/body[1]/ab[1]/seg[53]/placeName[2]	7		K16830	דוכיא	הדוכיא	הרוביא	הדוכיא'	תרוניה	3420	Armenia	b4886fff-df09-4101-a9aa-e1d0a05d3918
123	BTAsherT123	מלמישטרש	/TEI[1]/text[1]/body[1]/ab[1]/seg[54]/placeName[1]	7	2	U11		מלמישטרש	מילמישטריש	מאל משטייר	מלמישטרוש	3431	Malmistras	e3b6031c-0e5b-43d8-b52d-d82e1b0b3c4a
124	BTAsherT124	תרשיש	/TEI[1]/text[1]/body[1]/ab[1]/seg[54]/placeName[2]	7	2	U10		תרשיש	תרשיש	תרשיש	תרשיש	3433	Tarshish	5224538c-421f-4d43-b2b0-9ec25ea6198c
125	BTAsherT125	אנטוכיא הגדולה	/TEI[1]/text[1]/body[1]/ab[1]/seg[55]/placeName[1]	7	3	K11503	אנטוכיא הגדולה	אנטוכיא	אנטוכיאה	אנטוכיה	אנטוכיא	3446-3447	Antioch the Great	05ac22a5-3e12-414e-98f5-d54a9e5d859d
126	BTAsherT126	נהר פיר	/TEI[1]/text[1]/body[1]/ab[1]/seg[55]/placeName[2]	7		K5150	נהר פיר	נהר פיר	נהר פור	נהר פיר	נהר פור	3451	Fur (Orontes)	78de987b-ff80-4962-81a1-dfa7690c66e2
127	BTAsherT127	נחל יבוק	/TEI/text[1]/body[1]/ab[1]/seg[55]/placeName[3]			U9		נחל יבוק	נהר יבוק	נחל יבוק	נחל יבוק	3454	Jabbok	9c54bed1-58a6-46a7-8bf3-31dcf9af286e
128	BTAsherT128	הר הלבנון	/TEI[1]/text[1]/body[1]/ab[1]/seg[55]/placeName[3]	7		K15821	הר הלבנון	הר הלבנון	הר הלבנון	הר הלבנון	הר הלבנון	3456-3457	Mount Lebanon	08257e9f-6c69-4c02-9d68-99c48c9152f5
129	BTAsherT129	חמת	/TEI[1]/text[1]/body[1]/ab[1]/seg[55]/placeName[5]	7		K11554	חמת	חמת	צמית	חמת	חמת	3459	Hamath	486b6e3c-dd97-4487-b80f-97b8e1c601e2
130	BTAsherT130	ליגא	/TEI[1]/text[1]/body[1]/ab[1]/seg[57]/placeName[1]	7	4	GN173576	לודקיא	ליגא	ליגה	ליגה	ליגא	3531	Lega	7ea07141-7c86-4ef3-9677-d398ca28e344
131	BTAsherT131	לודקיא	/TEI[1]/text[1]/body[1]/ab[1]/seg[57]/placeName[2]	7	4	GN173576	לודקיא	לודקיא	לדוקיה	לודקייא	לרוקיא	3533	Ladikiya	a2a4dd72-ebc9-49a1-86ce-08c9a4aa1ded
132	BTAsherT132	גיבל	/TEI[1]/text[1]/body[1]/ab[1]/seg[58]/placeName[1]	7	5	K18052	בעל גד	גיבל	לגובל	גיויל	גבאל	3546	Gebal (Gebela)	2c3e2ac4-7090-4bfd-a76b-1546b1425c0b
133	BTAsherT133	בעל גד	/TEI[1]/text[1]/body[1]/ab[1]/seg[58]/placeName[2]	7	5	K18052	בעל גד	בעל בר	בעל גד	בעל גד	בעל גר	3548-3549	Baal-Gad	ef565273-c914-4455-85fb-e0015683a321
134	BTAsherT134	הר הלבנון	/TEI[1]/text[1]/body[1]/ab[1]/seg[58]/placeName[3]	7		K15821	הר הלבנון	הר הלבנון	הר הלבנון	הר הלבנון	הר הלבנו׳	3551-3552	Lebanon	6af61ff9-b3a0-442f-96a8-c10f639b155e
135	BTAsherT135	קרמוס	/TEI[1]/text[1]/body[1]/ab[1]/seg[59]/placeName[1]	7		GN173389	קרמוס	קרמוס	קדמוס	קרמוס	קרמוס	3601	Kadmus	6b7bfcd7-a65a-418a-abd8-10603a7d1f67
136	BTAsherT136	קדמות	/TEI[1]/text[1]/body[1]/ab[1]/seg[59]/placeName[2]	7		GN173389	קרמוס	קדמות	קדמת סיחון	קדמות	קדמות	3605-3606	Kedemoth	ed9454a5-e638-448f-9ae4-e0de5fdd9862
137	BTAsherT137	סיחון	/TEI[1]/text[1]/body[1]/ab[1]/seg[59]/placeName[3]	7		U8		ארץ סיחון			ארץ סיחון	3606-3607	Sihon	45379443-0b59-45de-8a36-75d5cef87517
138	BTAsherT138	טריפול	/TEI[1]/text[1]/body[1]/ab[1]/seg[59]/placeName[4]	7		K13529	טראבלוס אל שאם	טריפול	טריפול	טריפולי	טריפול	3638	Tripolis	31e3b38d-a5a2-4068-8774-f23e3e9f2877
139	BTAsherT139	טראבלוס אל שאם	/TEI[1]/text[1]/body[1]/ab[1]/seg[59]/placeName[5]	7		K13529	טראבלוס אל שאם	טראבלוס	טרבלוס	טרווילוס	טרובלוס	3640	Tarabulus el Sham	a4474ae8-3d0c-43bd-b6fe-59e4cf77bb96
140	BTAsherT140	ארץ ישראל	/TEI[1]/text[1]/body[1]/ab[1]/seg[60]/placeName[1]	7		K2501		ארץ ישראל	ארץ ישראל	ארץ ישראל	ארץ ישראל	3668	Land of Israel	c2703785-e1e7-4d55-b501-0dbf061fa637
141	BTAsherT141	גיבל	/TEI[1]/text[1]/body[1]/ab[1]/seg[61]/placeName[1]	7	6	K15288	גיבל	גיבל	גיבל	גובל	גבאל	3681	Gebal (Gubail)	f0ed889b-70c5-4d49-aba7-bb04fa7092d2
142	BTAsherT142	בירוט	/TEI[1]/text[1]/body[1]/ab[1]/seg[62]/placeName[1]	7	7	K651	בארות	בירוט	ברות	ברוטי	ביקות	3766	Beirut	88e565cb-71dc-4d8e-b0df-748558069e17
143	BTAsherT143	בארות	/TEI[1]/text[1]/body[1]/ab[1]/seg[62]/placeName[2]	7	7	K651	בארות	בארות	בארות	בארות	בארות	3768	Beeroth	56eafcc9-995c-44cf-9f15-7091dd212a02
144	BTAsherT144	ציידא	/TEI[1]/text[1]/body[1]/ab[1]/seg[63]/placeName[1]	7	8	K13639	צידון	ציידא	סידה	צידה	צידה	3784	Saida	804ca428-946c-4a71-b821-4ed57011f726
145	BTAsherT145	צידון	/TEI[1]/text[1]/body[1]/ab[1]/seg[63]/placeName[2]	7	8	K13639	צידון	צידון	צידון	צידון	צידון	3786	Sidon	b08096df-272a-4e1d-abcf-f11237420843
146	BTAsherT146	חרמון	/TEI[1]/text[1]/body[1]/ab[1]/seg[64]/placeName[2]	7		K21726	חרמון	חרמון	חרמון	חרמון		3838	Mount Hermon	f386fc95-c4c8-4e47-a35d-5a0a9ba0097b
147	BTAsherT147	צור החדשה	/TEI[1]/text[1]/body[1]/ab[1]/seg[65]/placeName[1]	7	9	K14095	צור החדשה	צור החדשה	צור החדשה	צור החדשה		3945-3948	Sidon	dc2cf617-778a-47f2-86f5-5e98685846ee
148	BTAsherT148	קרקשונה	/TEI/text[1]/body[1]/ab[1]/seg[65]/persName[2]/placeName[1]	7		K10934	קרקשונה	קרקשונה		קארקשונה	[...]שונה	4018	Carcassonne	b31d5445-8268-465f-a4ea-8c718cdef8ab
149	BTAsherT149	צור החדשה	/TEI[1]/text[1]/body[1]/ab[1]/seg[65]/placeName[2]	7	9	K14095	צור החדשה	צור החדשה	צור החדשה	צור החדשה	צור החדשה	4059	Tyre	12598ec0-5ada-4c69-9d82-ca129eaf4e8d
150	BTAsherT150	צור המעטירה	/TEI[1]/text[1]/body[1]/ab[1]/seg[65]/placeName[3]	7		U12	צור הקדומה	צור הקדומה המעטירה	צור הקדומה	צור המעטירה	צור הקדומה	4061	Tyre	b29fdbc9-84b6-4d03-9190-e5ab65d181f9
151	BTAsherT151	צור החדשה	/TEI[1]/text[1]/body[1]/ab[1]/seg[65]/placeName[4]	7	9	K14095	צור החדשה	צורה החדשה	צור החדשה	צור החדשה	צור החדשה	4089-4090	Tyre	3321f563-4808-4488-a4fb-2bbad4722aeb
152	BTAsherT152	אקרי	/TEI[1]/text[1]/body[1]/ab[1]/seg[66]/placeName[1]	7	10	K71	אקרי	אקדי	אקרי	אקדי	אקרי	4100	Acre	6b491bb6-ced8-4198-bd44-aa77d67e881d
153	BTAsherT153	עכו	/TEI[1]/text[1]/body[1]/ab[1]/seg[66]/placeName[2]	7	10	K71	אקרי	עכו	עכו	עכו	עכו	4102		
154	BTAsherT154	ארץ ישראל	/TEI[1]/text[1]/body[1]/ab[1]/seg[66]/placeName[3]	7		K2501	ארץ ישראל	ארץ ישראל	ארץ ישראל	ארץ ישראל	ארץ ישראל	4110-4111	land of Israel	140dba04-d002-4925-9316-436c9332eb2f
155	BTAsherT155	קדומים	/TEI[1]/text[1]/body[1]/ab[1]/seg[66]/placeName[4]	8	11	K21499	קדומים	קדומים	קדומים	קדומים	קדומים	4133	Kedumim	92873858-9a14-43d5-8a09-a71c11b70037
156	BTAsherT156	כיפש	/TEI[1]/text[1]/body[1]/ab[1]/seg[67]/placeName[1]	8	12	K791	גת החפר	ניפש	קרפש	ניפים	כיפש	4149	Haifa	41341756-ba6d-4193-95d3-604866d8f6fb
157	BTAsherT157	גת החפר	/TEI[1]/text[1]/body[1]/ab[1]/seg[67]/placeName[2]	8	12	K791	גת החפר	גד החפה	גד החפר	גד החפה	החפר	4151-4152		
158	BTAsherT158	הר הכרמל	/TEI[1]/text[1]/body[1]/ab[1]/seg[68]/placeName[1]	8		K1156	הר הכרמל	הר הכרמל	הר הכרמל	הר הכרמל	הר הכרמל	4160	Mount Carmel	d7d38364-40b0-4f22-bf4d-c96423f03b99
159	BTAsherT159	מערת אליהו	/TEI[1]/text[1]/body[1]/ab[1]/seg[68]/placeName[2]	8		K26255	מערת אליהו	אליהו	מערת אלייהו	מערת אליהו	מערת אליהו	4170-4171		
160	BTAsherT160	שנט אליש	/TEI[1]/text[1]/body[1]/ab[1]/seg[68]/placeName[3]	8		U5	שנט אליש	שנט אליש	שנת אלייש	אליאס	שאן אליש	4181-4182		
